year,council_sablefish_management_area,length,rpw
1996,Aleutians,23,96.47619579512845
1996,Aleutians,26,53.32548090921603
1996,Aleutians,30,103.83769983306328
1996,Aleutians,31,88.56408008633566
1996,Aleutians,32,199.14540808574029
1996,Aleutians,33,328.7304955309616
1996,Aleutians,34,314.1514282645422
1996,Aleutians,35,695.7130141748778
1996,Aleutians,36,626.1858548392709
1996,Aleutians,37,544.2253350307188
1996,Aleutians,38,805.7467802459652
1996,Aleutians,39,504.3412433120601
1996,Aleutians,40,717.7373676953566
1996,Aleutians,41,568.8969109755874
1996,Aleutians,42,911.146170210039
1996,Aleutians,43,760.0471190406283
1996,Aleutians,44,425.6663956797497
1996,Aleutians,45,469.57734163271874
1996,Aleutians,46,492.289142026096
1996,Aleutians,47,392.08585627441903
1996,Aleutians,48,311.89435868617096
1996,Aleutians,49,210.0274324265654
1996,Aleutians,50,256.7366472207846
1996,Aleutians,51,264.1116195315679
1996,Aleutians,52,143.18388571807736
1996,Aleutians,53,90.2381391245721
1996,Aleutians,54,115.22682054094368
1996,Aleutians,55,166.11877378050173
1996,Aleutians,56,50.891953239558035
1996,Aleutians,57,218.31928245106897
1996,Aleutians,58,79.22951516803762
1996,Aleutians,59,64.87124826376001
1996,Aleutians,60,12.683445430406042
1996,Aleutians,61,92.67166679423009
1996,Aleutians,65,38.96721400493842
1996,Aleutians,66,49.217894201321606
1996,Aleutians,67,12.304473550330401
1996,Aleutians,68,12.304473550330401
1996,Aleutians,69,26.662740454608016
1996,Aleutians,70,26.662740454608016
1997,Bering Sea,25,24.816973701043143
1997,Bering Sea,27,50.8177459059004
1997,Bering Sea,28,6.029945525521531
1997,Bering Sea,30,39.05224145952147
1997,Bering Sea,31,45.57532240905331
1997,Bering Sea,32,95.69238408103459
1997,Bering Sea,33,102.5028013217087
1997,Bering Sea,34,158.7745142387907
1997,Bering Sea,35,145.10394775525853
1997,Bering Sea,36,336.94905760895557
1997,Bering Sea,37,397.893717385431
1997,Bering Sea,38,350.6832872976086
1997,Bering Sea,39,608.8902841787293
1997,Bering Sea,40,553.7801659642042
1997,Bering Sea,41,608.0060094849852
1997,Bering Sea,42,635.0854395388533
1997,Bering Sea,43,625.9833655608022
1997,Bering Sea,44,738.0020010936589
1997,Bering Sea,45,757.0232165886654
1997,Bering Sea,46,721.8082319286661
1997,Bering Sea,47,623.8391432617285
1997,Bering Sea,48,551.5227198863286
1997,Bering Sea,49,690.0515320588673
1997,Bering Sea,50,514.1566554949749
1997,Bering Sea,51,424.684344485917
1997,Bering Sea,52,444.79762399053607
1997,Bering Sea,53,484.79503094823156
1997,Bering Sea,54,203.6143642583532
1997,Bering Sea,55,267.3199958132846
1997,Bering Sea,56,148.34432052233345
1997,Bering Sea,57,320.0946231012515
1997,Bering Sea,58,90.41586847641602
1997,Bering Sea,59,100.3172428060949
1997,Bering Sea,60,122.70655467739074
1997,Bering Sea,61,10.19497031836099
1997,Bering Sea,62,35.4867518904988
1997,Bering Sea,63,14.728403182488634
1997,Bering Sea,64,30.846919226564673
1997,Bering Sea,65,14.728403182488634
1997,Bering Sea,69,14.728403182488634
1998,Aleutians,25,11.107661081177238
1998,Aleutians,26,17.81947422028987
1998,Aleutians,29,11.107661081177238
1998,Aleutians,30,34.02231016973977
1998,Aleutians,31,106.00588163959235
1998,Aleutians,32,134.0716638524175
1998,Aleutians,33,263.4163323539174
1998,Aleutians,34,287.2495782443127
1998,Aleutians,35,732.4840897260467
1998,Aleutians,36,634.9485866861537
1998,Aleutians,37,1447.1890662934575
1998,Aleutians,38,891.431252410196
1998,Aleutians,39,1356.1476784715173
1998,Aleutians,40,1432.3015210835838
1998,Aleutians,41,1397.624042216034
1998,Aleutians,42,1210.9064280769217
1998,Aleutians,43,1311.3696555575298
1998,Aleutians,44,1257.1570014346878
1998,Aleutians,45,725.1409632517018
1998,Aleutians,46,901.7725773499403
1998,Aleutians,47,880.6068822516723
1998,Aleutians,48,610.5254047446437
1998,Aleutians,49,384.4518722851507
1998,Aleutians,50,445.1351674701326
1998,Aleutians,51,484.6365881469814
1998,Aleutians,52,245.0806258052432
1998,Aleutians,53,286.23289235784455
1998,Aleutians,54,316.4877967355808
1998,Aleutians,55,259.9572594339977
1998,Aleutians,56,96.97047018374582
1998,Aleutians,57,164.90826220750887
1998,Aleutians,58,175.49607458562738
1998,Aleutians,59,102.9814698277812
1998,Aleutians,60,49.52453373578078
1998,Aleutians,61,102.9829563966504
1998,Aleutians,62,175.90064117016988
1998,Aleutians,63,60.464426226671904
1998,Aleutians,64,35.702159358781515
1998,Aleutians,66,13.654605786713152
1998,Aleutians,67,33.322983243531716
1998,Aleutians,69,22.047553572068363
1998,Aleutians,70,22.047553572068363
1998,Aleutians,71,24.76226686789039
1998,Aleutians,73,22.047553572068363
1998,Aleutians,74,11.107661081177238
1998,Aleutians,80,35.63894844057974
1999,Bering Sea,26,13.162047573335858
1999,Bering Sea,29,9.061872253643008
1999,Bering Sea,30,22.85998985250025
1999,Bering Sea,33,30.786443188224688
1999,Bering Sea,35,32.30926098359934
1999,Bering Sea,36,75.2773990780142
1999,Bering Sea,37,71.44823086811348
1999,Bering Sea,38,129.09276044382017
1999,Bering Sea,39,164.84852987256193
1999,Bering Sea,40,90.4487587764359
1999,Bering Sea,41,215.0767401409963
1999,Bering Sea,42,189.0478883203849
1999,Bering Sea,43,236.91042785535603
1999,Bering Sea,44,311.6395364408836
1999,Bering Sea,45,334.94892567519736
1999,Bering Sea,46,199.05155579443493
1999,Bering Sea,47,307.15334908513324
1999,Bering Sea,48,193.23048184233818
1999,Bering Sea,49,216.06921933916436
1999,Bering Sea,50,251.82218032538222
1999,Bering Sea,51,151.4461298072168
1999,Bering Sea,52,95.13502424977753
1999,Bering Sea,53,210.42340317799412
1999,Bering Sea,54,113.49993789756141
1999,Bering Sea,55,157.0675276778628
1999,Bering Sea,56,38.29000246971056
1999,Bering Sea,57,118.17427701251921
1999,Bering Sea,58,107.98201671161989
1999,Bering Sea,59,23.709585108373727
1999,Bering Sea,61,33.883474114062174
1999,Bering Sea,65,9.061872253643008
1999,Bering Sea,74,9.697942279164389
1999,Bering Sea,83,19.395884558328778
1999,Bering Sea,84,9.697942279164389
2000,Aleutians,26,10.231522819677815
2000,Aleutians,27,74.84720281371386
2000,Aleutians,28,61.72798339636175
2000,Aleutians,29,20.46304563935563
2000,Aleutians,30,35.583567771630264
2000,Aleutians,31,97.01356629700497
2000,Aleutians,32,186.16262365428656
2000,Aleutians,33,312.9760389888145
2000,Aleutians,34,420.9284061568412
2000,Aleutians,35,536.8365816079623
2000,Aleutians,36,781.2876730797492
2000,Aleutians,37,1692.7145375456228
2000,Aleutians,38,1602.0645876364943
2000,Aleutians,39,2187.9350996710236
2000,Aleutians,40,1474.2652155513802
2000,Aleutians,41,2017.7948655665352
2000,Aleutians,42,1779.3441486314437
2000,Aleutians,43,1036.035570788782
2000,Aleutians,44,903.5963093613952
2000,Aleutians,45,1344.6271582881047
2000,Aleutians,46,788.6872286235969
2000,Aleutians,47,1097.0743178928938
2000,Aleutians,48,1088.5050937261585
2000,Aleutians,49,703.5544041402995
2000,Aleutians,50,524.5726462242818
2000,Aleutians,51,385.5438677334689
2000,Aleutians,52,1049.4349346680267
2000,Aleutians,53,243.9448008521005
2000,Aleutians,54,208.2925277242041
2000,Aleutians,55,184.0334036988496
2000,Aleutians,56,171.40115164281346
2000,Aleutians,57,89.39587788773713
2000,Aleutians,58,150.2101128268215
2000,Aleutians,59,111.5918458521693
2000,Aleutians,60,81.28207912669436
2000,Aleutians,61,38.127051222056885
2000,Aleutians,62,25.124332094683027
2000,Aleutians,63,20.46304563935563
2000,Aleutians,64,14.892809275005213
2000,Aleutians,65,20.46304563935563
2000,Aleutians,66,25.124332094683027
2000,Aleutians,67,10.231522819677815
2000,Aleutians,68,14.892809275005213
2000,Aleutians,69,10.231522819677815
2001,Bering Sea,29,17.224588679325816
2001,Bering Sea,30,25.522915999181798
2001,Bering Sea,31,17.224588679325816
2001,Bering Sea,32,31.42810348237491
2001,Bering Sea,33,153.47633272358792
2001,Bering Sea,34,54.49226366862965
2001,Bering Sea,35,76.29412435150543
2001,Bering Sea,36,194.426825788103
2001,Bering Sea,37,197.3556167312469
2001,Bering Sea,38,254.1228864085815
2001,Bering Sea,39,208.8802747800907
2001,Bering Sea,40,520.8450364642371
2001,Bering Sea,41,575.4828034314978
2001,Bering Sea,42,610.7092179318076
2001,Bering Sea,43,540.1447556207036
2001,Bering Sea,44,487.30447402152936
2001,Bering Sea,45,525.63469789375
2001,Bering Sea,46,749.6128872803015
2001,Bering Sea,47,795.813461916156
2001,Bering Sea,48,718.2884918280729
2001,Bering Sea,49,249.5199699469025
2001,Bering Sea,50,464.7872673474062
2001,Bering Sea,51,365.4972841572536
2001,Bering Sea,52,291.8872920422004
2001,Bering Sea,53,308.75347636082586
2001,Bering Sea,54,184.8894226811895
2001,Bering Sea,55,165.52110829437933
2001,Bering Sea,56,139.92734082834394
2001,Bering Sea,57,165.21585812576814
2001,Bering Sea,58,51.67376603797745
2001,Bering Sea,59,33.9140935964106
2001,Bering Sea,60,55.41268724082282
2001,Bering Sea,61,33.9140935964106
2001,Bering Sea,62,58.45078115862239
2001,Bering Sea,63,56.79888243980032
2001,Bering Sea,64,27.02267767624748
2001,Bering Sea,65,19.596177993843327
2001,Bering Sea,69,17.224588679325816
2002,Aleutians,25,11.074522091378206
2002,Aleutians,26,10.112157526398878
2002,Aleutians,28,11.074522091378206
2002,Aleutians,29,113.37676614940753
2002,Aleutians,30,59.49053706558223
2002,Aleutians,31,225.51175126899312
2002,Aleutians,32,259.4894463748507
2002,Aleutians,33,349.18095334852256
2002,Aleutians,34,270.7221548321936
2002,Aleutians,35,552.0483226373756
2002,Aleutians,36,664.0007409340028
2002,Aleutians,37,995.4397709033428
2002,Aleutians,38,1090.7889529215806
2002,Aleutians,39,947.9580309468547
2002,Aleutians,40,1469.9034417658888
2002,Aleutians,41,1489.036717509822
2002,Aleutians,42,1629.1260728489697
2002,Aleutians,43,1876.2799589060999
2002,Aleutians,44,1400.4569057034935
2002,Aleutians,45,1279.7165569413733
2002,Aleutians,46,1046.953527085619
2002,Aleutians,47,977.8540315979509
2002,Aleutians,48,822.2731679342041
2002,Aleutians,49,941.5101158149082
2002,Aleutians,50,560.5241878167767
2002,Aleutians,51,675.5845573225612
2002,Aleutians,52,536.489170573389
2002,Aleutians,53,498.36514686080943
2002,Aleutians,54,355.2182060752946
2002,Aleutians,55,263.156616220052
2002,Aleutians,56,176.15571889490002
2002,Aleutians,57,127.13836026309616
2002,Aleutians,58,186.1850250645407
2002,Aleutians,59,174.99106494163914
2002,Aleutians,60,125.49650416252324
2002,Aleutians,61,28.896659006101473
2002,Aleutians,62,46.83823395234809
2002,Aleutians,63,108.5320942471929
2002,Aleutians,64,71.06772885337412
2002,Aleutians,65,60.33346359903821
2002,Aleutians,66,19.84451786737705
2002,Aleutians,68,17.822136914723266
2002,Aleutians,69,11.074522091378206
2002,Aleutians,73,13.614667678213474
2002,Aleutians,77,13.614667678213474
2003,Bering Sea,29,14.154362462571218
2003,Bering Sea,30,21.45923892308674
2003,Bering Sea,32,12.717053311261086
2003,Bering Sea,33,37.291615948016705
2003,Bering Sea,34,82.76737650775596
2003,Bering Sea,35,144.87657236284633
2003,Bering Sea,36,186.72806204806636
2003,Bering Sea,37,382.47787706591583
2003,Bering Sea,38,367.75828967552366
2003,Bering Sea,39,442.88523523719715
2003,Bering Sea,40,436.1808182493884
2003,Bering Sea,41,560.0333815175256
2003,Bering Sea,42,678.2154456623638
2003,Bering Sea,43,685.3633934649101
2003,Bering Sea,44,639.1919729943727
2003,Bering Sea,45,489.6308744977358
2003,Bering Sea,46,644.4994321955402
2003,Bering Sea,47,836.4884935342925
2003,Bering Sea,48,736.3887618125141
2003,Bering Sea,49,666.7892365659582
2003,Bering Sea,50,933.3236824574462
2003,Bering Sea,51,319.6683929387315
2003,Bering Sea,52,264.30782060450605
2003,Bering Sea,53,298.14476825089616
2003,Bering Sea,54,198.1249830553568
2003,Bering Sea,55,151.7079871755484
2003,Bering Sea,56,175.80858970559655
2003,Bering Sea,57,156.69616937903942
2003,Bering Sea,58,39.30924532536095
2003,Bering Sea,59,171.15064995220928
2003,Bering Sea,60,65.19587460469478
2003,Bering Sea,61,58.9044296027422
2003,Bering Sea,62,32.123245635443865
2003,Bering Sea,63,26.900060737896773
2003,Bering Sea,65,78.49961388012345
2003,Bering Sea,68,14.154362462571218
2004,Aleutians,25,10.019074869854046
2004,Aleutians,26,10.996930002249572
2004,Aleutians,27,55.50888449008636
2004,Aleutians,28,138.32309371345514
2004,Aleutians,29,94.09189085084034
2004,Aleutians,30,114.93798600232665
2004,Aleutians,31,231.68099038461625
2004,Aleutians,32,224.271182722312
2004,Aleutians,33,448.07938814351934
2004,Aleutians,34,313.08976430149926
2004,Aleutians,35,435.28849093194765
2004,Aleutians,36,639.7276590336371
2004,Aleutians,37,750.3014812478713
2004,Aleutians,38,1465.9004346927559
2004,Aleutians,39,1012.5160487284061
2004,Aleutians,40,1101.3226596648587
2004,Aleutians,41,1077.7673376617743
2004,Aleutians,42,1395.9439815131705
2004,Aleutians,43,885.6473290345256
2004,Aleutians,44,1881.2863951839674
2004,Aleutians,45,1296.5473610623021
2004,Aleutians,46,566.3346152260713
2004,Aleutians,47,798.2803181675822
2004,Aleutians,48,632.6089525279403
2004,Aleutians,49,508.1628573701574
2004,Aleutians,50,711.4089285190994
2004,Aleutians,51,533.0849613370062
2004,Aleutians,52,316.40450498896143
2004,Aleutians,53,295.04629491066504
2004,Aleutians,54,315.25615248782026
2004,Aleutians,55,115.53328285167187
2004,Aleutians,56,85.31656986470983
2004,Aleutians,57,221.2970300684284
2004,Aleutians,58,98.11851824692238
2004,Aleutians,59,89.29504698027728
2004,Aleutians,60,104.9529434855784
2004,Aleutians,61,48.58279372237118
2004,Aleutians,63,38.563718852517134
2004,Aleutians,64,27.910304875693562
2004,Aleutians,65,64.16761561694221
2004,Aleutians,68,32.84009812192063
2004,Aleutians,69,15.108356493481025
2004,Aleutians,73,15.108356493481025
2005,Bering Sea,29,31.304690690812848
2005,Bering Sea,30,66.38092967314482
2005,Bering Sea,31,60.27361229443022
2005,Bering Sea,32,8.494219413403822
2005,Bering Sea,33,201.9970350980851
2005,Bering Sea,34,179.07850154908155
2005,Bering Sea,35,418.97161598291535
2005,Bering Sea,36,611.6069973232941
2005,Bering Sea,37,349.47972671097534
2005,Bering Sea,38,335.30907246772966
2005,Bering Sea,39,706.5636486069196
2005,Bering Sea,40,518.7969301438822
2005,Bering Sea,41,696.8705774481231
2005,Bering Sea,42,951.6939783548215
2005,Bering Sea,43,795.7381985210321
2005,Bering Sea,44,774.1090436282968
2005,Bering Sea,45,778.0911796617413
2005,Bering Sea,46,803.4197701557201
2005,Bering Sea,47,1049.116961439181
2005,Bering Sea,48,627.4114903261201
2005,Bering Sea,49,772.9859967155083
2005,Bering Sea,50,445.1407449240146
2005,Bering Sea,51,470.94996578245633
2005,Bering Sea,52,446.1225669260563
2005,Bering Sea,53,468.8997475795775
2005,Bering Sea,54,363.01113823015805
2005,Bering Sea,55,140.49178768383737
2005,Bering Sea,56,96.27002855534161
2005,Bering Sea,57,49.13983726575809
2005,Bering Sea,58,95.63513620487541
2005,Bering Sea,59,40.18388075525232
2005,Bering Sea,60,69.51485373304921
2005,Bering Sea,61,30.686425089912046
2005,Bering Sea,63,32.64078417221407
2005,Bering Sea,64,8.494219413403822
2005,Bering Sea,69,8.494219413403822
2006,Aleutians,27,8.910475491084064
2006,Aleutians,28,35.387621614917734
2006,Aleutians,29,81.6543633731309
2006,Aleutians,30,153.33835071985513
2006,Aleutians,31,286.020449675186
2006,Aleutians,32,145.12653991091906
2006,Aleutians,33,298.60658408979805
2006,Aleutians,34,501.65598081081805
2006,Aleutians,35,372.91196121136625
2006,Aleutians,36,653.508841431049
2006,Aleutians,37,780.9112574335384
2006,Aleutians,38,703.1766702007567
2006,Aleutians,39,906.9924117635286
2006,Aleutians,40,876.5965850770901
2006,Aleutians,41,812.205239747721
2006,Aleutians,42,705.9672110044705
2006,Aleutians,43,765.449617349997
2006,Aleutians,44,830.1149665456389
2006,Aleutians,45,900.2148979582716
2006,Aleutians,46,673.4021448299026
2006,Aleutians,47,585.0221409987196
2006,Aleutians,48,573.4779240317725
2006,Aleutians,49,437.1603776474947
2006,Aleutians,50,340.1192292272884
2006,Aleutians,51,353.3600054084513
2006,Aleutians,52,268.7826085358365
2006,Aleutians,53,298.1753096514306
2006,Aleutians,54,143.6789033784177
2006,Aleutians,55,227.60345338338152
2006,Aleutians,56,28.0393946668952
2006,Aleutians,57,54.11234780082512
2006,Aleutians,58,83.97085915502315
2006,Aleutians,59,90.02327145958569
2006,Aleutians,60,99.3808062724159
2006,Aleutians,61,35.641901964336256
2006,Aleutians,62,24.87194044404299
2006,Aleutians,63,44.55237745542032
2006,Aleutians,64,15.961464952958929
2006,Aleutians,65,15.961464952958929
2006,Aleutians,67,46.4694711614777
2006,Aleutians,68,24.87194044404299
2006,Aleutians,69,8.910475491084064
2006,Aleutians,70,31.922929905917858
2006,Aleutians,79,15.961464952958929
2007,Bering Sea,26,10.023163378851688
2007,Bering Sea,27,9.529376269799638
2007,Bering Sea,29,58.794110262564786
2007,Bering Sea,30,38.74911716843401
2007,Bering Sea,31,284.69684369205004
2007,Bering Sea,32,212.50645014707644
2007,Bering Sea,33,234.18914199561868
2007,Bering Sea,34,387.29306387687046
2007,Bering Sea,35,464.7226010535852
2007,Bering Sea,36,265.30586440559273
2007,Bering Sea,37,434.6460368087836
2007,Bering Sea,38,645.3131781012451
2007,Bering Sea,39,767.5337950887568
2007,Bering Sea,40,1116.278774780064
2007,Bering Sea,41,1067.3218444843092
2007,Bering Sea,42,600.4097794099195
2007,Bering Sea,43,758.249442042473
2007,Bering Sea,44,748.9699080042894
2007,Bering Sea,45,847.1891124533167
2007,Bering Sea,46,467.7488048574058
2007,Bering Sea,47,546.3331369464017
2007,Bering Sea,48,340.2613809789064
2007,Bering Sea,49,229.69135847631696
2007,Bering Sea,50,429.4459701819148
2007,Bering Sea,51,395.994276586564
2007,Bering Sea,52,241.63743897993655
2007,Bering Sea,53,305.0507358601518
2007,Bering Sea,54,264.66743293205
2007,Bering Sea,55,401.5661610727428
2007,Bering Sea,56,98.21158435405654
2007,Bering Sea,57,172.03936715479486
2007,Bering Sea,58,62.43621028427887
2007,Bering Sea,59,50.007153211340984
2007,Bering Sea,60,73.8392244373452
2007,Bering Sea,61,27.575734681845475
2007,Bering Sea,63,3.7578531253191545
2007,Bering Sea,64,3.7578531253191545
2007,Bering Sea,67,15.045114174780405
2007,Bering Sea,68,24.574490444580043
2007,Bering Sea,69,15.045114174780405
2007,Bering Sea,78,15.045114174780405
2008,Aleutians,25,8.04191386270076
2008,Aleutians,26,25.631433279943643
2008,Aleutians,27,60.49817324716837
2008,Aleutians,28,327.67153246867633
2008,Aleutians,29,200.66191541391382
2008,Aleutians,30,268.72517228929405
2008,Aleutians,31,362.2030771168293
2008,Aleutians,32,592.7394813784265
2008,Aleutians,33,820.2811759486334
2008,Aleutians,34,831.262452130944
2008,Aleutians,35,1109.472720440079
2008,Aleutians,36,670.3619411396655
2008,Aleutians,37,997.8343006477664
2008,Aleutians,38,1301.322517314482
2008,Aleutians,39,1466.639926913241
2008,Aleutians,40,1143.8047637912443
2008,Aleutians,41,1003.3484586657164
2008,Aleutians,42,917.1591872033839
2008,Aleutians,43,1147.6304688827777
2008,Aleutians,44,989.9613402012623
2008,Aleutians,45,844.3824112607358
2008,Aleutians,46,652.0746493530221
2008,Aleutians,47,664.1194151475801
2008,Aleutians,48,615.7529957279581
2008,Aleutians,49,408.2059943608204
2008,Aleutians,50,486.46708905972616
2008,Aleutians,51,299.7312754969779
2008,Aleutians,52,239.38060620931435
2008,Aleutians,53,475.8459301469445
2008,Aleutians,54,493.2314563972902
2008,Aleutians,55,142.71339677702053
2008,Aleutians,56,55.38530068900201
2008,Aleutians,57,78.10361295514181
2008,Aleutians,58,52.418798854640286
2008,Aleutians,59,108.23854949420749
2008,Aleutians,60,100.8989229990946
2008,Aleutians,61,8.04191386270076
2008,Aleutians,64,21.009666178769752
2008,Aleutians,67,13.67003968365685
2009,Bering Sea,26,41.49358307771179
2009,Bering Sea,29,15.185015179147857
2009,Bering Sea,30,5.3182753367090765
2009,Bering Sea,31,101.70108476753803
2009,Bering Sea,32,82.90662558548239
2009,Bering Sea,33,126.71327653026474
2009,Bering Sea,34,258.240822913023
2009,Bering Sea,35,193.77271492880223
2009,Bering Sea,36,617.0281410786592
2009,Bering Sea,37,611.7266503053147
2009,Bering Sea,38,595.0776359369352
2009,Bering Sea,39,991.9830385812685
2009,Bering Sea,40,640.9549508344985
2009,Bering Sea,41,1035.3350880526352
2009,Bering Sea,42,1086.6636792167874
2009,Bering Sea,43,1058.1021098132833
2009,Bering Sea,44,1276.9560951928772
2009,Bering Sea,45,928.1811967392827
2009,Bering Sea,46,821.0086748288034
2009,Bering Sea,47,656.9977579382421
2009,Bering Sea,48,726.8916935704959
2009,Bering Sea,49,401.8070316397418
2009,Bering Sea,50,849.4441474940116
2009,Bering Sea,51,597.4270866963609
2009,Bering Sea,52,508.7478830008481
2009,Bering Sea,53,461.4854739441363
2009,Bering Sea,54,339.1040364025125
2009,Bering Sea,55,97.40237050359207
2009,Bering Sea,56,360.68246511788544
2009,Bering Sea,57,180.87512465279224
2009,Bering Sea,58,103.3087819938192
2009,Bering Sea,59,43.918815675338976
2009,Bering Sea,60,135.94133999356177
2009,Bering Sea,61,124.48074923313537
2009,Bering Sea,62,41.35147165911041
2010,Aleutians,23,22.392308533320183
2010,Aleutians,25,8.548049426974664
2010,Aleutians,26,87.56962790854143
2010,Aleutians,27,163.44354246351054
2010,Aleutians,28,323.73936494155646
2010,Aleutians,29,457.36164764147463
2010,Aleutians,30,498.66808034130895
2010,Aleutians,31,763.2457712611542
2010,Aleutians,32,883.9601359860947
2010,Aleutians,33,1250.9559957647348
2010,Aleutians,34,984.7754289024501
2010,Aleutians,35,1275.438123173011
2010,Aleutians,36,1282.2081523010545
2010,Aleutians,37,1595.1407266600502
2010,Aleutians,38,1504.9178474260852
2010,Aleutians,39,1323.039158201323
2010,Aleutians,40,1248.4164552584605
2010,Aleutians,41,1140.3860011961945
2010,Aleutians,42,1780.6333638681936
2010,Aleutians,43,1110.3721792518843
2010,Aleutians,44,665.5234556743246
2010,Aleutians,45,1387.6360338338932
2010,Aleutians,46,748.6660154474428
2010,Aleutians,47,550.087385175208
2010,Aleutians,48,660.9106265911821
2010,Aleutians,49,927.8013928477071
2010,Aleutians,50,887.1966939919482
2010,Aleutians,51,453.1206252171068
2010,Aleutians,52,383.6663872103715
2010,Aleutians,53,246.02419304698157
2010,Aleutians,54,233.2648268964989
2010,Aleutians,55,116.52085830024134
2010,Aleutians,56,110.9177206912735
2010,Aleutians,57,359.9480708698614
2010,Aleutians,58,64.04036375958715
2010,Aleutians,59,30.940357960294847
2010,Aleutians,60,62.687588671401166
2010,Aleutians,61,256.823017860688
2010,Aleutians,62,26.825839574152337
2010,Aleutians,63,25.644148280923993
2010,Aleutians,64,8.548049426974664
2010,Aleutians,65,18.277790147177672
2010,Aleutians,66,4.262447245874515
2010,Aleutians,68,18.93673403825714
2011,Bering Sea,23,5.593725691091223
2011,Bering Sea,24,11.447166675557112
2011,Bering Sea,27,5.593725691091223
2011,Bering Sea,28,60.99018046283274
2011,Bering Sea,29,47.62914319411536
2011,Bering Sea,30,208.96344581155188
2011,Bering Sea,31,238.9233809518733
2011,Bering Sea,32,217.87793122487886
2011,Bering Sea,33,343.91324935946307
2011,Bering Sea,34,413.3797485811057
2011,Bering Sea,35,593.1823347349865
2011,Bering Sea,36,871.172791410231
2011,Bering Sea,37,978.6441147536934
2011,Bering Sea,38,1532.8428793363455
2011,Bering Sea,39,1666.7311103819677
2011,Bering Sea,40,2096.1485607738523
2011,Bering Sea,41,1972.833175718315
2011,Bering Sea,42,2290.4427268383984
2011,Bering Sea,43,2234.8758061039903
2011,Bering Sea,44,2211.100790682875
2011,Bering Sea,45,1950.0428992633467
2011,Bering Sea,46,1377.6131185429535
2011,Bering Sea,47,1177.921616999786
2011,Bering Sea,48,1227.9885117485737
2011,Bering Sea,49,968.4076903214147
2011,Bering Sea,50,732.68365420831
2011,Bering Sea,51,538.118075701645
2011,Bering Sea,52,550.8648722448586
2011,Bering Sea,53,426.17798281230296
2011,Bering Sea,54,311.3219950231354
2011,Bering Sea,55,263.18129414279105
2011,Bering Sea,56,290.7030277708888
2011,Bering Sea,57,203.80204821741202
2011,Bering Sea,58,169.83098442173628
2011,Bering Sea,59,142.51894367869144
2011,Bering Sea,60,99.376870779547
2011,Bering Sea,61,138.68348541054473
2011,Bering Sea,62,35.409977392362336
2011,Bering Sea,63,22.894333351114224
2012,Aleutians,26,17.39120256752355
2012,Aleutians,27,115.48010380900807
2012,Aleutians,28,184.4681465373407
2012,Aleutians,29,439.0575100592934
2012,Aleutians,30,406.8494174785816
2012,Aleutians,31,337.072131851943
2012,Aleutians,32,511.3106675901044
2012,Aleutians,33,926.7743826553186
2012,Aleutians,34,1010.7089369908413
2012,Aleutians,35,1450.1406664523868
2012,Aleutians,36,868.0351097275761
2012,Aleutians,37,1332.6921804075696
2012,Aleutians,38,951.2745929332228
2012,Aleutians,39,1596.2697133112447
2012,Aleutians,40,1713.4190626693928
2012,Aleutians,41,2049.7544212830107
2012,Aleutians,42,2098.596611751901
2012,Aleutians,43,1238.7217906999506
2012,Aleutians,44,1701.3504716652988
2012,Aleutians,45,1947.8390430608397
2012,Aleutians,46,550.5858980414606
2012,Aleutians,47,1163.8769196668752
2012,Aleutians,48,1135.5800771078818
2012,Aleutians,49,841.2519091508133
2012,Aleutians,50,963.7736489039407
2012,Aleutians,51,332.23869834292043
2012,Aleutians,52,407.79491769247306
2012,Aleutians,53,349.7972248618758
2012,Aleutians,54,163.17802044373835
2012,Aleutians,55,269.83049962641206
2012,Aleutians,56,773.9262917888478
2012,Aleutians,57,118.02330996920153
2012,Aleutians,58,184.02248071977058
2012,Aleutians,59,51.27144352742533
2012,Aleutians,60,46.40144184076344
2012,Aleutians,61,156.23796485584592
2012,Aleutians,62,17.39120256752355
2012,Aleutians,63,17.39120256752355
2012,Aleutians,64,19.492983320454684
2012,Aleutians,65,15.361364970251232
2012,Aleutians,68,8.695601283761775
2013,Bering Sea,28,21.891060677923335
2013,Bering Sea,29,13.600741434814893
2013,Bering Sea,30,53.68025559690159
2013,Bering Sea,31,63.288125921142864
2013,Bering Sea,32,153.25353403414567
2013,Bering Sea,33,199.23294144379855
2013,Bering Sea,34,372.19870163165086
2013,Bering Sea,35,458.8609068349571
2013,Bering Sea,36,484.496854311209
2013,Bering Sea,37,632.556006105589
2013,Bering Sea,38,932.5428293405794
2013,Bering Sea,39,1124.3981209210658
2013,Bering Sea,40,1595.5181954592524
2013,Bering Sea,41,1718.578293197937
2013,Bering Sea,42,1463.8239638189712
2013,Bering Sea,43,1652.2965477172881
2013,Bering Sea,44,1960.341778952844
2013,Bering Sea,45,2352.5256084517973
2013,Bering Sea,46,1339.970361208606
2013,Bering Sea,47,1450.1882555211582
2013,Bering Sea,48,1147.5825297150445
2013,Bering Sea,49,755.4909139841927
2013,Bering Sea,50,670.4208403549843
2013,Bering Sea,51,711.669573701785
2013,Bering Sea,52,510.93937094975985
2013,Bering Sea,53,459.75733493260435
2013,Bering Sea,54,389.07091301018727
2013,Bering Sea,55,342.96477790648544
2013,Bering Sea,56,123.58045594609882
2013,Bering Sea,57,312.7241701085163
2013,Bering Sea,58,217.1228399839166
2013,Bering Sea,59,276.2877997440146
2013,Bering Sea,60,105.68618092134766
2013,Bering Sea,61,89.05371850036157
2013,Bering Sea,62,252.04061529984833
2013,Bering Sea,63,86.68948728354442
2013,Bering Sea,64,45.38117542692254
2013,Bering Sea,65,66.85862720453636
2013,Bering Sea,66,118.59387337463257
2013,Bering Sea,67,8.290319243108442
2013,Bering Sea,69,20.20507783695686
2013,Bering Sea,72,6.256360806369998
2014,Aleutians,22,27.041894412154075
2014,Aleutians,25,16.392317186366416
2014,Aleutians,26,8.196158593183208
2014,Aleutians,27,36.11475037534872
2014,Aleutians,28,16.392317186366416
2014,Aleutians,29,172.38921754800424
2014,Aleutians,30,90.15774452501529
2014,Aleutians,31,186.01453899121873
2014,Aleutians,32,445.85366831400756
2014,Aleutians,33,775.3504144985113
2014,Aleutians,34,819.7856609902901
2014,Aleutians,35,1249.9395593859356
2014,Aleutians,36,1277.198635991859
2014,Aleutians,37,1262.8508999698001
2014,Aleutians,38,1593.5968590026096
2014,Aleutians,39,1479.0668201527537
2014,Aleutians,40,2293.844189432769
2014,Aleutians,41,1635.1678873767446
2014,Aleutians,42,1371.668265457893
2014,Aleutians,43,1624.6194477164072
2014,Aleutians,44,1381.5987988486547
2014,Aleutians,45,1082.2862824132799
2014,Aleutians,46,1477.9655184489077
2014,Aleutians,47,1295.1406152926527
2014,Aleutians,48,952.9151475486476
2014,Aleutians,49,1194.042632522082
2014,Aleutians,50,614.659148531485
2014,Aleutians,51,650.4304183504795
2014,Aleutians,52,795.9378873741096
2014,Aleutians,53,409.4507453135038
2014,Aleutians,54,553.9248597242972
2014,Aleutians,55,221.0828120369677
2014,Aleutians,56,156.42475872258984
2014,Aleutians,57,180.0578523694922
2014,Aleutians,58,99.10002140247892
2014,Aleutians,59,322.58577370043895
2014,Aleutians,60,160.5145575282529
2014,Aleutians,61,111.54716006984893
2014,Aleutians,62,68.72801098770896
2014,Aleutians,63,11.526274595799096
2014,Aleutians,64,17.288522780631855
2014,Aleutians,65,174.18757803679324
2014,Aleutians,66,52.22171835321818
2014,Aleutians,67,25.484681373815064
2014,Aleutians,69,16.392317186366416
2015,Bering Sea,26,38.87947139590877
2015,Bering Sea,28,55.41919788158252
2015,Bering Sea,29,31.700427821130177
2015,Bering Sea,30,125.11658913318745
2015,Bering Sea,31,263.1313431447311
2015,Bering Sea,32,437.7681870650767
2015,Bering Sea,33,547.3155635841816
2015,Bering Sea,34,595.37147070737694
2015,Bering Sea,35,646.9965510230745
2015,Bering Sea,36,1147.9491795669298
2015,Bering Sea,37,1082.9729956546764
2015,Bering Sea,38,1072.4154189153696
2015,Bering Sea,39,1259.7400739816417
2015,Bering Sea,40,1469.3033015946442
2015,Bering Sea,41,1484.3060553448606
2015,Bering Sea,42,1614.4498191288633
2015,Bering Sea,43,2086.450658694946
2015,Bering Sea,44,2415.306460893966
2015,Bering Sea,45,2331.8754476267104
2015,Bering Sea,46,2209.473577192529
2015,Bering Sea,47,2214.739326137871
2015,Bering Sea,48,1917.6562626277837
2015,Bering Sea,49,1481.2093140507473
2015,Bering Sea,50,1277.9716327497279
2015,Bering Sea,51,801.1212024682419
2015,Bering Sea,52,833.9560270045131
2015,Bering Sea,53,494.20926141985774
2015,Bering Sea,54,444.9176247882143
2015,Bering Sea,55,357.030857260581
2015,Bering Sea,56,204.11389721813777
2015,Bering Sea,57,223.85730529271814
2015,Bering Sea,58,156.44974571964
2015,Bering Sea,59,191.61869065276562
2015,Bering Sea,60,87.07749534864178
2015,Bering Sea,61,121.25478869617973
2015,Bering Sea,62,16.57327337504212
2015,Bering Sea,63,6.2072278828060465
2015,Bering Sea,64,15.127154446088054
2015,Bering Sea,65,1.446118928954066
2015,Bering Sea,66,19.050138901449923
2016,Aleutians,25,9.977201173894443
2016,Aleutians,26,17.263650313965247
2016,Aleutians,28,41.686347103174015
2016,Aleutians,29,95.06402580336291
2016,Aleutians,30,301.7149611523585
2016,Aleutians,31,278.3457296968827
2016,Aleutians,32,607.92699850651
2016,Aleutians,33,601.452029164218
2016,Aleutians,34,995.1308471547115
2016,Aleutians,35,1318.5097082561688
2016,Aleutians,36,1474.6214899805277
2016,Aleutians,37,1811.9210045769196
2016,Aleutians,38,2464.430150887425
2016,Aleutians,39,2554.1880876486757
2016,Aleutians,40,1826.2667227279044
2016,Aleutians,41,2085.8666798260892
2016,Aleutians,42,1676.7411809320251
2016,Aleutians,43,2473.7079446794796
2016,Aleutians,44,2037.8288393584062
2016,Aleutians,45,1717.6529825167413
2016,Aleutians,46,1213.9875704729884
2016,Aleutians,47,1442.0483671885593
2016,Aleutians,48,991.459053858117
2016,Aleutians,49,1018.3898377245805
2016,Aleutians,50,660.8226481002132
2016,Aleutians,51,752.4192264581508
2016,Aleutians,52,575.6776982848439
2016,Aleutians,53,600.1596092604407
2016,Aleutians,54,297.48131608877986
2016,Aleutians,55,322.92659552728605
2016,Aleutians,56,288.7904732415642
2016,Aleutians,57,298.3610337417016
2016,Aleutians,58,260.12707379712805
2016,Aleutians,59,132.2706632468041
2016,Aleutians,60,129.68521646179647
2016,Aleutians,61,19.954402347788886
2016,Aleutians,62,61.76727382402628
2016,Aleutians,63,48.810418108603216
2016,Aleutians,64,107.43090758114509
2016,Aleutians,65,92.4756591952256
2016,Aleutians,66,39.034568510560895
2016,Aleutians,67,21.63697657661553
2016,Aleutians,68,9.977201173894443
2017,Bering Sea,23,2.950714992284964
2017,Bering Sea,28,13.440359236171727
2017,Bering Sea,29,126.70450072747461
2017,Bering Sea,30,123.14261270966256
2017,Bering Sea,31,210.42888577790075
2017,Bering Sea,32,219.6788556831283
2017,Bering Sea,33,508.43123759291313
2017,Bering Sea,34,540.1463901723479
2017,Bering Sea,35,718.9735929242987
2017,Bering Sea,36,1051.7101747402103
2017,Bering Sea,37,1283.0476242423854
2017,Bering Sea,38,1294.2073259513045
2017,Bering Sea,39,1323.2302481996421
2017,Bering Sea,40,1690.4292099869253
2017,Bering Sea,41,1726.5509138320806
2017,Bering Sea,42,1575.6072363203932
2017,Bering Sea,43,1768.3806588243315
2017,Bering Sea,44,1663.155716253626
2017,Bering Sea,45,1216.8451580697854
2017,Bering Sea,46,1803.4471732492207
2017,Bering Sea,47,2131.8107354400045
2017,Bering Sea,48,1410.2055049932403
2017,Bering Sea,49,1120.9166786722
2017,Bering Sea,50,914.8811305742306
2017,Bering Sea,51,1025.7736144863477
2017,Bering Sea,52,555.268524974886
2017,Bering Sea,53,823.3956727293685
2017,Bering Sea,54,375.8888137388777
2017,Bering Sea,55,194.21970712618148
2017,Bering Sea,56,403.7413717878385
2017,Bering Sea,57,170.92505747953808
2017,Bering Sea,58,151.0609275919768
2017,Bering Sea,59,48.6310657247335
2017,Bering Sea,60,35.74774047150868
2017,Bering Sea,62,62.59376562772487
2017,Bering Sea,63,9.267716824948783
2018,Aleutians,27,22.43567418099864
2018,Aleutians,28,83.3061241066071
2018,Aleutians,29,146.9183677703893
2018,Aleutians,30,170.4793569991222
2018,Aleutians,31,463.05808888508193
2018,Aleutians,32,248.05582744245544
2018,Aleutians,33,764.9911255254422
2018,Aleutians,34,846.2414734477475
2018,Aleutians,35,1045.3501011402348
2018,Aleutians,36,1308.1012060820995
2018,Aleutians,37,1416.5500846127065
2018,Aleutians,38,1621.874414577897
2018,Aleutians,39,1802.1745411237316
2018,Aleutians,40,1720.4883994566849
2018,Aleutians,41,1783.8025461614488
2018,Aleutians,42,1991.7564599233115
2018,Aleutians,43,1328.2788334404618
2018,Aleutians,44,755.5872826608298
2018,Aleutians,45,1175.9113646614069
2018,Aleutians,46,714.9128057474534
2018,Aleutians,47,639.2705717480304
2018,Aleutians,48,382.3955556787493
2018,Aleutians,49,637.7274702378219
2018,Aleutians,50,588.1340914375194
2018,Aleutians,51,417.65002034502203
2018,Aleutians,52,586.3416180298226
2018,Aleutians,53,317.6089788639432
2018,Aleutians,54,178.2626395597312
2018,Aleutians,55,269.9049921569017
2018,Aleutians,56,129.63688664401036
2018,Aleutians,57,319.1253726879688
2018,Aleutians,58,229.6355890938111
2018,Aleutians,59,274.2808356239141
2018,Aleutians,60,62.46741306879291
2018,Aleutians,61,46.96217579883688
2018,Aleutians,62,24.619305630089052
2018,Aleutians,63,37.402264709126385
2018,Aleutians,65,8.887691456339784
2018,Aleutians,67,38.16728835474791
2018,Aleutians,68,8.887691456339784
2019,Bering Sea,23,7.3111080814742255
2019,Bering Sea,26,7.3111080814742255
2019,Bering Sea,28,15.452024085551276
2019,Bering Sea,29,36.06617067661529
2019,Bering Sea,30,52.69398209923412
2019,Bering Sea,31,131.39181621337144
2019,Bering Sea,32,290.6332973001131
2019,Bering Sea,33,498.9708857988185
2019,Bering Sea,34,357.8922349262903
2019,Bering Sea,35,731.5151031687149
2019,Bering Sea,36,705.2453664075784
2019,Bering Sea,37,1136.4945942969005
2019,Bering Sea,38,1051.693481749267
2019,Bering Sea,39,1507.02165468515
2019,Bering Sea,40,1285.3000078758905
2019,Bering Sea,41,1372.544497602474
2019,Bering Sea,42,1540.6144401984334
2019,Bering Sea,43,1464.1891566868994
2019,Bering Sea,44,1345.920465539994
2019,Bering Sea,45,1807.805983316796
2019,Bering Sea,46,2086.1173606649168
2019,Bering Sea,47,1556.5192228098974
2019,Bering Sea,48,1250.2608535521572
2019,Bering Sea,49,1324.202799688778
2019,Bering Sea,50,999.9372136847146
2019,Bering Sea,51,628.223761213595
2019,Bering Sea,52,883.7384156245722
2019,Bering Sea,53,460.63204759437764
2019,Bering Sea,54,385.16754167794886
2019,Bering Sea,55,247.289908020083
2019,Bering Sea,56,325.8489140145132
2019,Bering Sea,57,70.3508936678483
2019,Bering Sea,58,141.50903901923897
2019,Bering Sea,59,157.77021347601715
2019,Bering Sea,60,58.132609208315664
2019,Bering Sea,61,62.718089791905015
2019,Bering Sea,62,42.49104044436858
2019,Bering Sea,63,12.108139320551402
2019,Bering Sea,67,34.17322942653567
2020,Aleutians,25,16.030345714368107
2020,Aleutians,28,16.030345714368107
2020,Aleutians,29,33.61060376750837
2020,Aleutians,30,17.580258053140266
2020,Aleutians,31,71.04359135229888
2020,Aleutians,32,239.9883249572269
2020,Aleutians,33,327.77913444378805
2020,Aleutians,34,349.5188557760166
2020,Aleutians,35,435.468243255818
2020,Aleutians,36,760.4074756494576
2020,Aleutians,37,753.9847779971924
2020,Aleutians,38,1202.0602604075298
2020,Aleutians,39,1511.9290543680713
2020,Aleutians,40,1462.1241702521006
2020,Aleutians,41,1315.998295137938
2020,Aleutians,42,898.0724058506164
2020,Aleutians,43,1042.3337213362474
2020,Aleutians,44,798.7603655130797
2020,Aleutians,45,650.266485419733
2020,Aleutians,46,674.609373854413
2020,Aleutians,47,519.2651841399525
2020,Aleutians,48,548.9564240728221
2020,Aleutians,49,339.2511762792264
2020,Aleutians,50,481.1177192179584
2020,Aleutians,51,346.4811040119373
2020,Aleutians,52,2344.9055202596555
2020,Aleutians,53,195.98033079771625
2020,Aleutians,54,227.63279564251116
2020,Aleutians,55,180.59671519259325
2020,Aleutians,56,173.82112070231614
2020,Aleutians,57,87.20887649694504
2020,Aleutians,58,99.80961193717566
2020,Aleutians,59,17.565755635162613
2020,Aleutians,60,75.8220830604856
2020,Aleutians,61,75.49985861436204
2020,Aleutians,62,33.61060376750837
2020,Aleutians,63,22.02730562095882
2020,Aleutians,64,17.580258053140266
2020,Aleutians,66,8.782877817581307
2020,Aleutians,67,33.59610134953072
2020,Aleutians,70,16.030345714368107
2021,Bering Sea,28,28.066355966351598
2021,Bering Sea,30,120.52981444316214
2021,Bering Sea,31,72.17652107736494
2021,Bering Sea,32,56.49225985718256
2021,Bering Sea,33,167.7017964841392
2021,Bering Sea,34,117.19423318161165
2021,Bering Sea,35,352.1973768763463
2021,Bering Sea,36,608.8153919426144
2021,Bering Sea,37,512.8142618764423
2021,Bering Sea,38,604.5703183355128
2021,Bering Sea,39,488.4146454240425
2021,Bering Sea,40,1092.478495815555
2021,Bering Sea,41,1213.3564435732535
2021,Bering Sea,42,1083.0854126204106
2021,Bering Sea,43,1508.0833634024748
2021,Bering Sea,44,1292.0277267668732
2021,Bering Sea,45,1458.2597806273632
2021,Bering Sea,46,1375.4865505821438
2021,Bering Sea,47,1590.8013793925732
2021,Bering Sea,48,1257.1777669397418
2021,Bering Sea,49,1822.008635464152
2021,Bering Sea,50,1389.6936809292401
2021,Bering Sea,51,1790.4253731641709
2021,Bering Sea,52,671.095201643001
2021,Bering Sea,53,1080.1722129979473
2021,Bering Sea,54,787.7958259332196
2021,Bering Sea,55,515.3750181747669
2021,Bering Sea,56,269.82173710265306
2021,Bering Sea,57,452.9462144676531
2021,Bering Sea,58,611.7126590666904
2021,Bering Sea,59,333.5053411042377
2021,Bering Sea,60,125.44604886436827
2021,Bering Sea,61,106.0409896111979
2021,Bering Sea,62,171.9729509086643
2021,Bering Sea,63,91.06770424561724
2021,Bering Sea,64,58.110782705017634
2021,Bering Sea,65,53.746437689928854
2021,Bering Sea,66,80.90524666304708
2021,Bering Sea,67,8.728725585682142
2021,Bering Sea,68,38.29508837434371
2021,Bering Sea,69,38.29508837434371
2022,Aleutians,26,16.07951495420377
2022,Aleutians,27,48.105580958404474
2022,Aleutians,28,66.4250407169706
2022,Aleutians,29,194.92819644639394
2022,Aleutians,30,79.72761122952156
2022,Aleutians,31,661.6700392664918
2022,Aleutians,32,567.5653935003016
2022,Aleutians,33,491.58147331259613
2022,Aleutians,34,812.1390868262621
2022,Aleutians,35,846.4920180737075
2022,Aleutians,36,1246.8043553511748
2022,Aleutians,37,1510.5659647976913
2022,Aleutians,38,1408.639374114728
2022,Aleutians,39,1676.956180223664
2022,Aleutians,40,2056.526115314392
2022,Aleutians,41,1088.4185815405303
2022,Aleutians,42,968.4738832162848
2022,Aleutians,43,1073.7823873619182
2022,Aleutians,44,1068.6195637121896
2022,Aleutians,45,1027.079651564975
2022,Aleutians,46,893.6477283026541
2022,Aleutians,47,722.0542581289517
2022,Aleutians,48,650.0626953754972
2022,Aleutians,49,152.21585404608848
2022,Aleutians,50,627.0298788821661
2022,Aleutians,51,295.0506880094348
2022,Aleutians,52,352.42836517486353
2022,Aleutians,53,91.77014931807075
2022,Aleutians,54,108.39355710320467
2022,Aleutians,55,233.2075727800562
2022,Aleutians,56,84.15157517994373
2022,Aleutians,57,129.2711242290344
2022,Aleutians,58,93.77414034239382
2022,Aleutians,59,83.88564737153008
2022,Aleutians,60,44.74803283811842
2022,Aleutians,61,197.9202927575191
2022,Aleutians,62,28.80148178812148
2022,Aleutians,63,21.28846953605848
2022,Aleutians,65,24.646017656344533
2022,Aleutians,66,63.52548574093776
2022,Aleutians,69,16.07951495420377
2023,Bering Sea,27,2.5504289228049504
2023,Bering Sea,30,22.14184683213423
2023,Bering Sea,31,20.301449525341713
2023,Bering Sea,32,19.667474618973742
2023,Bering Sea,33,171.33158210438893
2023,Bering Sea,34,114.63486499996127
2023,Bering Sea,35,93.8975318810302
2023,Bering Sea,36,331.9841314979658
2023,Bering Sea,37,516.9692262396452
2023,Bering Sea,38,510.2016571957246
2023,Bering Sea,39,536.1633832141346
2023,Bering Sea,40,423.79216372636455
2023,Bering Sea,41,665.0377233795746
2023,Bering Sea,42,498.31932008996955
2023,Bering Sea,43,1054.877136047882
2023,Bering Sea,44,453.37274327357676
2023,Bering Sea,45,319.41628711630796
2023,Bering Sea,46,463.6109215769157
2023,Bering Sea,47,416.482798970702
2023,Bering Sea,48,331.6011082103668
2023,Bering Sea,49,317.8939733954616
2023,Bering Sea,50,359.33942719849847
2023,Bering Sea,51,492.53753485376023
2023,Bering Sea,52,228.25747509229632
2023,Bering Sea,53,241.70895854341853
2023,Bering Sea,54,402.65271607382215
2023,Bering Sea,55,150.209824552192
2023,Bering Sea,56,67.7277210667279
2023,Bering Sea,57,103.77742142154605
2023,Bering Sea,58,49.05628237683282
2023,Bering Sea,59,51.23750193914413
2023,Bering Sea,60,101.72027467373186
2023,Bering Sea,61,34.71897027662675
2023,Bering Sea,62,15.458304458726113
2023,Bering Sea,66,22.437921309290616
