species_group,model_name,strata,year,pred,pred_lci,pred_uci
SST,M22_2024,AI,1991,6329.213579677953,4323.954886570635,9264.422406809821
SST,M22_2024,AI,1992,6431.246861495521,4282.737931666196,9657.592141624353
SST,M22_2024,AI,1993,6534.925022328058,4489.572914982874,9512.095216213294
SST,M22_2024,AI,1994,6640.2745792778815,5077.189048601997,8684.578428361874
SST,M22_2024,AI,1995,7282.160709747111,5089.495346560529,10419.474032611508
SST,M22_2024,AI,1996,7986.095148546018,5560.076277819872,11470.654813864845
SST,M22_2024,AI,1997,8758.075832666575,6596.4950292133,11627.976971262276
SST,M22_2024,AI,1998,9461.76044386959,6574.029423022781,13617.966232954757
SST,M22_2024,AI,1999,10221.983961734863,7106.613593099727,14703.058600993849
SST,M22_2024,AI,2000,11043.289114518266,8337.553499491725,14627.100680586002
SST,M22_2024,AI,2001,12339.09937112275,8820.61143472314,17261.09061907915
SST,M22_2024,AI,2002,13786.958913380173,10358.42301677633,18350.306390401533
SST,M22_2024,AI,2003,15021.146639564786,10760.906626855225,20968.014516937423
SST,M22_2024,AI,2004,16365.816985813353,12450.80789253851,21511.854325023145
SST,M22_2024,AI,2005,16951.24691756121,12413.088605116598,23148.531457488076
SST,M22_2024,AI,2006,17557.618560027408,14209.560617390278,21694.54621433859
SST,M22_2024,AI,2007,17492.813199036806,12329.793958347476,24817.812418449234
SST,M22_2024,AI,2008,17428.247035338212,11807.591964263243,25724.44878211269
SST,M22_2024,AI,2009,17363.919186051757,12065.603056349986,24988.861981586357
SST,M22_2024,AI,2010,17299.82877155642,13403.244066772158,22329.22671811396
SST,M22_2024,AI,2011,16314.553766411786,11918.914569215505,22331.283864102716
SST,M22_2024,AI,2012,15385.393006591872,12080.540214142453,19594.348743624392
SST,M22_2024,AI,2013,15837.713095502315,11395.918582169852,22010.788712364192
SST,M22_2024,AI,2014,16303.331087348632,12022.84910998031,22107.78843785586
SST,M22_2024,AI,2015,16094.597635414262,11529.179095165506,22467.86791216585
SST,M22_2024,AI,2016,15888.536622242436,12320.016580138466,20490.686384571552
SST,M22_2024,AI,2017,14935.32133176083,10739.84155793919,20769.74991479787
SST,M22_2024,AI,2018,14039.293144887994,10458.053227998842,18846.887437941892
SST,M22_2024,AI,2019,13856.994786235777,9434.661892236647,20352.218945309207
SST,M22_2024,AI,2020,13677.063547582029,9120.10000794279,20510.966669409634
SST,M22_2024,AI,2021,13499.468692187631,9334.767809407613,19522.248297134534
SST,M22_2024,AI,2022,13324.17988242597,10358.748482557427,17138.53462492936
SST,M22_2024,AI,2023,13674.160625906468,10010.096327105754,18679.407541441073
SST,M22_2024,AI,2024,14033.334169385767,11071.551873960618,17787.431260907862
SST,M22_2024,AI,2025,14033.334169385767,9211.576424122104,21379.0190562761
SST,M22_2024,EBS Slope,1991,12058.807787586602,4712.04027413335,30860.27215348967
SST,M22_2024,EBS Slope,1992,12058.80755871112,5037.398140549012,28867.053125600287
SST,M22_2024,EBS Slope,1993,12058.807329835663,5415.1884539533985,26853.14379261116
SST,M22_2024,EBS Slope,1994,12058.807100960212,5863.476462196094,24800.10444924769
SST,M22_2024,EBS Slope,1995,12058.806872084766,6412.282984912189,22677.543009314035
SST,M22_2024,EBS Slope,1996,12058.806643209322,7118.250580854811,20428.44881710343
SST,M22_2024,EBS Slope,1997,12058.806414333883,8115.352587435446,17918.483586716586
SST,M22_2024,EBS Slope,1998,9595.45311207643,6601.863343642142,13946.474750151703
SST,M22_2024,EBS Slope,1999,7635.309603827258,5695.044261670366,10236.6110020711
SST,M22_2024,EBS Slope,2000,9897.379289157016,7022.3857087075385,13949.407061473314
SST,M22_2024,EBS Slope,2001,12829.619475329717,9647.896536693284,17060.624070308928
SST,M22_2024,EBS Slope,2002,16082.140479070706,13270.76395653064,19489.099741035498
SST,M22_2024,EBS Slope,2003,17121.86056624553,13304.608066579669,22034.328841775372
SST,M22_2024,EBS Slope,2004,18840.173654038193,16130.555798728523,22004.95430804025
SST,M22_2024,EBS Slope,2005,19682.588839696513,15411.386960073438,25137.53657838851
SST,M22_2024,EBS Slope,2006,20928.54519331501,15028.195737235306,29145.481704326474
SST,M22_2024,EBS Slope,2007,22253.373653025123,16558.427432269207,29906.984885296417
SST,M22_2024,EBS Slope,2008,25272.872667230782,20674.382607529147,30894.17976725718
SST,M22_2024,EBS Slope,2009,26348.503368703376,20494.32512718112,33874.920274872326
SST,M22_2024,EBS Slope,2010,29837.198311209362,24750.851172358984,35968.79949149584
SST,M22_2024,EBS Slope,2011,34226.032843691086,27023.003876616473,43349.041785509064
SST,M22_2024,EBS Slope,2012,31890.4067425691,26743.22922181919,38028.24385084921
SST,M22_2024,EBS Slope,2013,35417.745514653565,28577.038786828954,43895.965103246395
SST,M22_2024,EBS Slope,2014,38347.30189627765,27959.93775750177,52593.66367257787
SST,M22_2024,EBS Slope,2015,41519.17467801149,32394.723947237333,53213.661235419866
SST,M22_2024,EBS Slope,2016,38147.26204947039,31573.365519779578,46089.91084461125
SST,M22_2024,EBS Slope,2017,39214.00992797063,30473.736506458044,50461.11015316742
SST,M22_2024,EBS Slope,2018,37926.1667897339,26992.34471723917,53288.96553562673
SST,M22_2024,EBS Slope,2019,36680.61822814847,27237.27716581962,49398.027027739074
SST,M22_2024,EBS Slope,2020,34469.628697113825,23910.094444667982,49692.622723280576
SST,M22_2024,EBS Slope,2021,32391.91049416686,23287.33659216811,45056.0699077537
SST,M22_2024,EBS Slope,2022,27014.6495406901,17638.58029608795,41374.71823444701
SST,M22_2024,EBS Slope,2023,22530.047739472753,14036.3033489112,36163.58513527682
SST,M22_2024,EBS Slope,2024,22530.047739472753,12522.537520897866,40535.159131751294
SST,M22_2024,EBS Slope,2025,22530.047739472753,11384.253747451257,44588.17085455119
SST,M22_2024,SBS,1991,528.9638916557108,259.00346392788384,1080.3052377456308
SST,M22_2024,SBS,1992,592.5341890113245,300.87325103630553,1166.9258198860032
SST,M22_2024,SBS,1993,663.7442946215841,352.1637048617673,1250.9991306901807
SST,M22_2024,SBS,1994,743.5123522202103,416.0375440977373,1328.7517574956203
SST,M22_2024,SBS,1995,793.8027191904381,439.53761892037653,1433.6037005020996
SST,M22_2024,SBS,1996,847.4946718941752,472.23572012702823,1520.9506360421274
SST,M22_2024,SBS,1997,904.8182898913759,516.2580226591791,1585.8274385838204
SST,M22_2024,SBS,1998,924.6048352002514,527.9168804472238,1619.3725431766118
SST,M22_2024,SBS,1999,944.8240722215236,551.3813688340974,1619.0110473570626
SST,M22_2024,SBS,2000,965.4854630474891,589.8553203808292,1580.323423639192
SST,M22_2024,SBS,2001,973.7317085209505,594.7032616072619,1594.3303179750906
SST,M22_2024,SBS,2002,982.0483854685367,618.5195032746568,1559.2378676749736
SST,M22_2024,SBS,2003,984.2712845231297,601.1318562412915,1611.6097516348293
SST,M22_2024,SBS,2004,986.4992151833738,602.5840941146779,1615.0122631219108
SST,M22_2024,SBS,2005,993.6673026858723,589.9724935573679,1673.594479758583
SST,M22_2024,SBS,2006,1000.8874748506317,592.9392213948857,1689.5083023116651
SST,M22_2024,SBS,2007,1012.2150680067324,575.7878389696303,1779.4390130457668
SST,M22_2024,SBS,2008,1023.670861754742,570.7930819799561,1835.8702414029856
SST,M22_2024,SBS,2009,1035.256307011157,576.4215514265493,1859.3260757755484
SST,M22_2024,SBS,2010,1046.9728711132902,592.9059679520227,1848.7791523392218
SST,M22_2024,SBS,2011,1058.423760258149,596.1695346637257,1879.0977920582473
SST,M22_2024,SBS,2012,1069.9998893837433,611.2712098870696,1872.9816565264691
SST,M22_2024,SBS,2013,1147.0088257990249,652.0889509971935,2017.5610159456912
SST,M22_2024,SBS,2014,1229.5601705328995,707.6131808019221,2136.503748061311
SST,M22_2024,SBS,2015,1237.9895480054136,706.8522703995266,2168.2297492011776
SST,M22_2024,SBS,2016,1246.4767139508128,721.4279725219906,2153.6511718420466
SST,M22_2024,SBS,2017,1215.675551569768,683.2397113381838,2163.02861522778
SST,M22_2024,SBS,2018,1185.6355037714538,659.6975254035475,2130.8728525902543
SST,M22_2024,SBS,2019,1127.8309025859255,603.3743224868971,2108.1482877578146
SST,M22_2024,SBS,2020,1072.8445131590613,559.6014918316338,2056.8125107175388
SST,M22_2024,SBS,2021,1020.5389360909195,525.4453836790789,1982.1274530669252
SST,M22_2024,SBS,2022,970.7834707667213,499.13595806832416,1888.1038961029503
SST,M22_2024,SBS,2023,905.5469364971669,447.68103440233006,1831.6953169440233
SST,M22_2024,SBS,2024,844.6942896048272,404.93436547613027,1762.0347980395427
SST,M22_2024,SBS,2025,844.6942896048272,374.49445292320087,1905.257707615033
non-SST,M22_2024,AI,1982,498.07453792821354,5.4400550849960485,45602.15686356122
non-SST,M22_2024,AI,1983,498.07344826727274,7.003099090737612,35423.91113627989
non-SST,M22_2024,AI,1984,498.0723586087159,9.160022841295028,27082.473341843393
non-SST,M22_2024,AI,1985,498.0712689525433,12.215873903919944,20307.592474116158
non-SST,M22_2024,AI,1986,498.07017929875417,16.692239328077232,14861.631122758932
non-SST,M22_2024,AI,1987,498.06908964734896,23.54530859949075,10535.976498838676
non-SST,M22_2024,AI,1988,498.06799999832765,34.70784592481447,7147.42520062227
non-SST,M22_2024,AI,1989,498.0669103516902,54.71634697525822,4533.757476526198
non-SST,M22_2024,AI,1990,498.065820707437,97.49602454258242,2544.406942958231
non-SST,M22_2024,AI,1991,498.0647310655673,256.18257844281254,968.326877804425
non-SST,M22_2024,AI,1992,411.86769207012674,107.8526979280858,1572.8396139360577
non-SST,M22_2024,AI,1993,340.5882512665631,84.69673288586212,1369.5965942055682
non-SST,M22_2024,AI,1994,281.6447105083076,111.09668007504482,714.0064212875299
non-SST,M22_2024,AI,1995,366.5439245854843,87.96627006501606,1527.3405198518426
non-SST,M22_2024,AI,1996,477.03522785160243,112.17486830018147,2028.6416383611843
non-SST,M22_2024,AI,1997,620.8331208020302,223.80358154332848,1722.19658517917
non-SST,M22_2024,AI,1998,764.687713371463,185.53998833380408,3151.5971528965515
non-SST,M22_2024,AI,1999,941.8751664309799,248.27861017637196,3573.118234024221
non-SST,M22_2024,AI,2000,1160.1191095749236,638.0743862884611,2109.278130140251
non-SST,M22_2024,AI,2001,847.3000627505695,272.75144694866293,2632.13047765149
non-SST,M22_2024,AI,2002,618.8307652307955,356.81471374298434,1073.2503488406423
non-SST,M22_2024,AI,2003,881.1711202103434,278.913103606159,2783.886927697596
non-SST,M22_2024,AI,2004,1254.725179675199,622.9465536256807,2527.239724416157
non-SST,M22_2024,AI,2005,1868.393818539443,516.9309374002679,6753.117696365206
non-SST,M22_2024,AI,2006,2782.199255824341,856.6832082980131,9035.583543755876
non-SST,M22_2024,AI,2007,1906.7414874538572,394.53405671000763,9215.08051876507
non-SST,M22_2024,AI,2008,1306.758706216579,255.04188996332306,6695.4425271801265
non-SST,M22_2024,AI,2009,895.5688684117716,221.62819063588583,3618.869945051453
non-SST,M22_2024,AI,2010,613.7656433837539,347.481731462775,1084.1095542273977
non-SST,M22_2024,AI,2011,433.46831349634397,140.00092157887482,1342.0967282669428
non-SST,M22_2024,AI,2012,306.13440297746405,175.98048753191293,532.5492274782631
non-SST,M22_2024,AI,2013,812.9594139230047,238.87622541635233,2766.717397405732
non-SST,M22_2024,AI,2014,2158.8655252663257,731.8343460032464,6368.518205843775
non-SST,M22_2024,AI,2015,1926.9588005870462,558.3316751297081,6650.473875223446
non-SST,M22_2024,AI,2016,1719.9636455826944,955.6285377448968,3095.632691241184
non-SST,M22_2024,AI,2017,1295.9359152176664,415.67955973138237,4040.251335515111
non-SST,M22_2024,AI,2018,976.4449967674058,544.7063841719257,1750.3830676806667
non-SST,M22_2024,AI,2019,1078.9474289655925,271.4464833371963,4288.607979589702
non-SST,M22_2024,AI,2020,1192.210066440396,247.14982309686778,5751.025126021332
non-SST,M22_2024,AI,2021,1317.3624630483662,314.0337145866755,5526.297905092809
non-SST,M22_2024,AI,2022,1455.652747699408,652.4100249119723,3247.842370556361
non-SST,M22_2024,AI,2023,1464.4921029875245,453.0501306894777,4733.99514629615
non-SST,M22_2024,AI,2024,1473.385134677538,828.6991304062201,2619.6042392666814
non-SST,M22_2024,AI,2025,1473.385134677538,298.49234850589164,7272.761817698305
non-SST,M22_2024,EBS Shelf,1982,994.2495007424668,232.78903389877334,4246.471808274703
non-SST,M22_2024,EBS Shelf,1983,261.78968866715,63.463284617910404,1079.897479386088
non-SST,M22_2024,EBS Shelf,1984,68.93022429607947,25.65362604947736,185.21264059684944
non-SST,M22_2024,EBS Shelf,1985,48.75378251808573,17.536083785692536,135.54516155768536
non-SST,M22_2024,EBS Shelf,1986,41.31019631856712,13.998723607605037,121.90628000908995
non-SST,M22_2024,EBS Shelf,1987,59.20619185852031,18.80259142470572,186.43032097065213
non-SST,M22_2024,EBS Shelf,1988,99.75659112582368,22.128841853748522,449.701685195018
non-SST,M22_2024,EBS Shelf,1989,168.0800125909915,38.18473227776373,739.8478121330008
non-SST,M22_2024,EBS Shelf,1990,283.1982359637254,99.1287785729832,809.0611223855443
non-SST,M22_2024,EBS Shelf,1991,347.497078864799,121.33549493763057,995.2093563523104
non-SST,M22_2024,EBS Shelf,1992,186.46692110411487,67.1105730676105,518.0988788609997
non-SST,M22_2024,EBS Shelf,1993,107.30443236978661,37.71624232494383,305.28601197864043
non-SST,M22_2024,EBS Shelf,1994,73.90410637433739,26.129518127765333,209.02861324433024
non-SST,M22_2024,EBS Shelf,1995,74.42954917293227,29.484677595395567,187.8859883124872
non-SST,M22_2024,EBS Shelf,1996,75.42098589657293,26.56444136547695,214.1330598807012
non-SST,M22_2024,EBS Shelf,1997,145.0827661206989,52.06003089991199,404.32186960666974
non-SST,M22_2024,EBS Shelf,1998,312.1377007408686,124.3367221400936,783.5974967557777
non-SST,M22_2024,EBS Shelf,1999,302.52128573676475,109.61998231692782,834.8763281062182
non-SST,M22_2024,EBS Shelf,2000,211.2146216807072,45.583041789699365,978.6888864842138
non-SST,M22_2024,EBS Shelf,2001,147.46604128392633,27.640676836570087,786.7474975569789
non-SST,M22_2024,EBS Shelf,2002,102.95799201262889,21.962030723978454,482.66702895096773
non-SST,M22_2024,EBS Shelf,2003,71.88331650446206,25.1568099519009,205.40009649714045
non-SST,M22_2024,EBS Shelf,2004,75.47832421501235,19.38467935382216,293.89072278790223
non-SST,M22_2024,EBS Shelf,2005,79.25312441521646,25.88956176121514,242.60965818986395
non-SST,M22_2024,EBS Shelf,2006,159.93209803837297,53.794108807365404,475.48470548235207
non-SST,M22_2024,EBS Shelf,2007,138.814243379228,31.98472021397789,602.4562364790196
non-SST,M22_2024,EBS Shelf,2008,120.48484576450802,29.124899143438,498.4256936789412
non-SST,M22_2024,EBS Shelf,2009,104.57570999569006,43.44030381915944,251.74960024748478
non-SST,M22_2024,EBS Shelf,2010,69.24848229580834,25.47858215281931,188.2111128284372
non-SST,M22_2024,EBS Shelf,2011,55.381175395391985,19.501597116558006,157.27299512156586
non-SST,M22_2024,EBS Shelf,2012,44.7244249140939,15.589721847293397,128.307240083549
non-SST,M22_2024,EBS Shelf,2013,43.354753035357746,15.086492252017118,124.59056614075071
non-SST,M22_2024,EBS Shelf,2014,45.93732045118162,15.933827458728182,132.43757130548127
non-SST,M22_2024,EBS Shelf,2015,74.17921221518527,26.009301531839313,211.56106472638385
non-SST,M22_2024,EBS Shelf,2016,69.6088917217826,24.196620572000207,200.2510140751573
non-SST,M22_2024,EBS Shelf,2017,184.78332194212425,72.98383987750798,467.841595143166
non-SST,M22_2024,EBS Shelf,2018,551.3431763379759,196.0990093549015,1550.1317375056408
non-SST,M22_2024,EBS Shelf,2019,364.24550216882506,77.90417492119695,1703.0510365384798
non-SST,M22_2024,EBS Shelf,2020,240.63920901578254,44.26535725597974,1308.1839276902908
non-SST,M22_2024,EBS Shelf,2021,158.97856959370733,32.38188562033927,780.5038250825755
non-SST,M22_2024,EBS Shelf,2022,105.02937444580628,32.51868297921131,339.2255923626871
non-SST,M22_2024,EBS Shelf,2023,145.1667355277724,51.081236323741365,412.5464186150836
non-SST,M22_2024,EBS Shelf,2024,176.24386551354613,67.39694874535846,460.87991681220035
non-SST,M22_2024,EBS Shelf,2025,176.24386551354613,29.943720424379432,1037.3427112907157
non-SST,M22_2024,EBS Slope,1982,36.9760240725341,0.045439100876128076,30089.20356808618
non-SST,M22_2024,EBS Slope,1983,36.97588766254752,0.05372798013493498,25447.006662071468
non-SST,M22_2024,EBS Slope,1984,36.97575125306418,0.06380980143142673,21426.272297646097
non-SST,M22_2024,EBS Slope,1985,36.97561484408407,0.07614654214949938,17954.802076420212
non-SST,M22_2024,EBS Slope,1986,36.9754784356072,0.09134236452524329,14967.70980966033
non-SST,M22_2024,EBS Slope,1987,36.97534202763357,0.11019594983743802,12406.771029945796
non-SST,M22_2024,EBS Slope,1988,36.97520562016316,0.13377587200210225,10219.823725999402
non-SST,M22_2024,EBS Slope,1989,36.97506921319597,0.16353113746345022,8360.216681218866
non-SST,M22_2024,EBS Slope,1990,36.974932806732006,0.2014566478952308,6786.302017560336
non-SST,M22_2024,EBS Slope,1991,36.97479640077127,0.25034671169247935,5460.968748644277
non-SST,M22_2024,EBS Slope,1992,36.97465999531375,0.3141940110792355,4351.214324783182
non-SST,M22_2024,EBS Slope,1993,36.97452359035945,0.39883739393386375,3427.7512979656717
non-SST,M22_2024,EBS Slope,1994,36.97438718590838,0.5130531942133477,2664.6463236031805
non-SST,M22_2024,EBS Slope,1995,36.974250781960514,0.6704770975669246,2038.9886930490563
non-SST,M22_2024,EBS Slope,1996,36.974114378515864,0.8931780017897464,1530.5853159574167
non-SST,M22_2024,EBS Slope,1997,36.97397797557443,1.2187765688061722,1121.6781503088407
non-SST,M22_2024,EBS Slope,1998,36.973841573136205,1.715958301029204,796.6772618282337
non-SST,M22_2024,EBS Slope,1999,36.97370517120118,2.5227380067886345,541.89332003886
non-SST,M22_2024,EBS Slope,2000,36.97356876976937,3.9599771971353306,345.2153180482437
non-SST,M22_2024,EBS Slope,2001,36.97343236884077,6.994004866300042,195.45807120040348
non-SST,M22_2024,EBS Slope,2002,36.973295968415364,17.554884559364616,77.87146706349624
non-SST,M22_2024,EBS Slope,2003,34.544107463482035,10.728589298006991,111.22574714182312
non-SST,M22_2024,EBS Slope,2004,32.27451946583215,17.369320816579545,59.97037061783653
non-SST,M22_2024,EBS Slope,2005,32.25914353458978,8.051845220918027,129.2439575069994
non-SST,M22_2024,EBS Slope,2006,32.24377492860787,6.68553826075621,155.50894798545718
non-SST,M22_2024,EBS Slope,2007,32.2284136443966,7.7484831569198684,134.0482549938478
non-SST,M22_2024,EBS Slope,2008,32.2130596784678,14.898729130676447,69.64897507344737
non-SST,M22_2024,EBS Slope,2009,53.19143379436628,15.233474126320962,185.7310161581482
non-SST,M22_2024,EBS Slope,2010,87.83172593169286,32.38750958542417,238.19096246942786
non-SST,M22_2024,EBS Slope,2011,68.87905179287448,19.472544674993042,243.64169424544815
non-SST,M22_2024,EBS Slope,2012,54.01605997786227,23.83371066864373,122.42049826385889
non-SST,M22_2024,EBS Slope,2013,47.13377926207043,11.160784318139818,199.05349697644337
non-SST,M22_2024,EBS Slope,2014,41.12838197447331,8.469032281972313,199.73283221967426
non-SST,M22_2024,EBS Slope,2015,35.888142863167424,8.92808803276241,144.25919563526207
non-SST,M22_2024,EBS Slope,2016,31.315571786084295,16.773661832732095,58.464576552731685
non-SST,M22_2024,EBS Slope,2017,31.315571786084295,6.229484908590705,157.4231338030891
non-SST,M22_2024,EBS Slope,2018,31.315571786084295,3.4812935351048497,281.6955899870315
non-SST,M22_2024,EBS Slope,2019,31.315571786084295,2.2037680827454014,444.99466344376395
non-SST,M22_2024,EBS Slope,2020,31.315571786084295,1.493127379131966,656.7859179298633
non-SST,M22_2024,EBS Slope,2021,31.315571786084295,1.0576146344957267,927.2423095364805
non-SST,M22_2024,EBS Slope,2022,31.315571786084295,0.7734879369309202,1267.84787385376
non-SST,M22_2024,EBS Slope,2023,31.315571786084295,0.5796993735374417,1691.6786200840347
non-SST,M22_2024,EBS Slope,2024,31.315571786084295,0.443012127654378,2213.6302260656817
non-SST,M22_2024,EBS Slope,2025,31.315571786084295,0.34401531817805386,2850.6435163501387
non-SST,M22_2024,SBS,1982,68.50572663674238,0.6606735948808216,7103.408730713162
non-SST,M22_2024,SBS,1983,68.5054982987606,0.8444336299813662,5557.575078179974
non-SST,M22_2024,SBS,1984,68.5052699615399,1.0951080486741522,4285.3963297824785
non-SST,M22_2024,SBS,1985,68.50504162508025,1.4452289611628404,3247.1953262533607
non-SST,M22_2024,SBS,1986,68.50481328938164,1.9488467871029518,2408.044323889237
non-SST,M22_2024,SBS,1987,68.50458495444416,2.7013114315655486,1737.259208598875
non-SST,M22_2024,SBS,1988,68.50435662026774,3.8850954334534245,1207.910321982849
non-SST,M22_2024,SBS,1989,68.50412828685239,5.893313120058973,796.2949696951734
non-SST,M22_2024,SBS,1990,68.5038999541981,9.753344810064437,481.14615040496847
non-SST,M22_2024,SBS,1991,68.50367162230486,19.476116748344218,240.94911148730597
non-SST,M22_2024,SBS,1992,77.55794471426155,16.875324125827916,356.45151129832533
non-SST,M22_2024,SBS,1993,87.80893995675832,21.16681520922447,364.2687792242548
non-SST,M22_2024,SBS,1994,99.41483061130909,43.69436691242042,226.19182388624748
non-SST,M22_2024,SBS,1995,107.29533519318926,27.29518652256106,421.76993165821597
non-SST,M22_2024,SBS,1996,115.80051872974019,29.703059101574894,451.4605748929716
non-SST,M22_2024,SBS,1997,124.97989883653501,57.298275988970396,272.6081167991387
non-SST,M22_2024,SBS,1998,99.11326635130375,25.832571712854016,380.2733880319179
non-SST,M22_2024,SBS,1999,78.6001561712965,21.025530590453258,293.8325158346938
non-SST,M22_2024,SBS,2000,62.332569368206755,33.10188119071639,117.3754803135471
non-SST,M22_2024,SBS,2001,86.46557882008378,27.321510151851026,273.6414011941285
non-SST,M22_2024,SBS,2002,119.94205270969414,63.969946757530536,224.8883536318016
non-SST,M22_2024,SBS,2003,418.3261354894983,119.3777125594304,1465.908098603067
non-SST,M22_2024,SBS,2004,1459.0108446546044,460.51710915250305,4622.439867081694
non-SST,M22_2024,SBS,2005,1013.1567320286017,244.60954464324575,4196.428905306902
non-SST,M22_2024,SBS,2006,703.5496462659115,207.49909601229655,2385.4663190029332
non-SST,M22_2024,SBS,2007,467.96685968797266,94.17693211884233,2325.3356935632005
non-SST,M22_2024,SBS,2008,311.26869713960843,58.77017571683141,1648.5947274655011
non-SST,M22_2024,SBS,2009,207.04073336216922,48.327256528735894,886.9914898987978
non-SST,M22_2024,SBS,2010,137.71338289092057,64.14205921369792,295.67145270589026
non-SST,M22_2024,SBS,2011,142.17805754119226,41.82601166752508,483.30211847288734
non-SST,M22_2024,SBS,2012,146.78747716333487,61.1375925459751,352.42741093826464
non-SST,M22_2024,SBS,2013,180.69944440400675,52.70433407962101,619.537079409609
non-SST,M22_2024,SBS,2014,222.4460140532529,99.26599145430808,498.4811861870795
non-SST,M22_2024,SBS,2015,245.04603891953974,71.84038244397277,835.8469031952436
non-SST,M22_2024,SBS,2016,269.94217651291086,115.00512137843864,633.6133364073739
non-SST,M22_2024,SBS,2017,482.7424559456324,131.96337516370983,1765.9466384769105
non-SST,M22_2024,SBS,2018,863.2970282110581,285.694937061941,2608.662815597818
non-SST,M22_2024,SBS,2019,700.1057891268217,148.84064999877046,3293.106526832144
non-SST,M22_2024,SBS,2020,567.7630061863925,110.93015056048587,2905.9262027958953
non-SST,M22_2024,SBS,2021,460.43731704583365,110.81008130158195,1913.2060949524723
non-SST,M22_2024,SBS,2022,373.39967665798645,186.00194890952343,749.60138506995
non-SST,M22_2024,SBS,2023,740.9112510311143,220.35752839133932,2491.1764345513784
non-SST,M22_2024,SBS,2024,1470.1391463905802,595.4635061784435,3629.6248003859073
non-SST,M22_2024,SBS,2025,1470.1391463905802,257.5140681139169,8392.974898730277
