Catch tables for BSAI Other Rockfish,,,,,,,,,,,,,,,
Contact: jane.sullivan@noaa.gov,,,,,,,,,,,,,,,
Catch assessed from AKFIN's COUNCIL.COMPREHENSIVE_BLEND_CA 09/18/2026,,,,,,,,,,,,,,,
,,,,,,,,,,,,,,,
Total catch (t) by FMP and FMP subarea,,,,,,,,,,,,,,,
Year,BSAI,AI,EBS,,,,,,,,,,,,
2003,684.647,389.648,294.999,,,,,,,,,,,,
2004,633.071,331.172,301.899,,,,,,,,,,,,
2005,446.802,281.552,165.25,,,,,,,,,,,,
2006,570.461,421.614,148.847,,,,,,,,,,,,
2007,646.414,429.352,217.062,,,,,,,,,,,,
2008,596.337,381.998,214.339,,,,,,,,,,,,
2009,565.61,372.288,193.322,,,,,,,,,,,,
2010,765.8581804,497.5952356,268.2629448,,,,,,,,,,,,
2011,945.187335,616.7396425,328.4476925,,,,,,,,,,,,
2012,919.0154701,711.4452068,207.5702633,,,,,,,,,,,,
2013,789.0324058,596.8450236,192.1873822,,,,,,,,,,,,
2014,912.780914,588.8585458,323.9223682,,,,,,,,,,,,
2015,650.957319,467.1019313,183.8553878,,,,,,,,,,,,
2016,768.3071597,490.1737307,278.133429,,,,,,,,,,,,
2017,827.9985771,568.1743975,259.8241796,,,,,,,,,,,,
2018,986.2001639,774.806714,211.3934499,,,,,,,,,,,,
2019,1273.413932,569.9373597,703.4765721,,,,,,,,,,,,
2020,1094.551985,739.5499011,355.0020834,,,,,,,,,,,,
2021,1000.901564,609.1856694,391.7158946,,,,,,,,,,,,
2022,1308.482682,657.2909503,651.1917321,,,,,,,,,,,,
2023,1222.558357,569.4176259,653.1407314,,,,,,,,,,,,
2024,1361.397182,573.1134603,788.2837212,,,,,,,,,,,,
2025,1029.757993,523.1332036,506.6247894,,,,,,,,,,,,
2026,567.1718532,400.7866339,166.3852193,,,,,,,,,,,,
,,,,,,,,,,,,,,,
Catch (t) of Other Rockfish species and percent shortspine thornyhead in the catch in the Aleutian,,,,,,,,,,,,,,,
Islands and Bering Sea since 2003.,,,,,,,,,,,,,,,
Year,Area,dusky rockfish,SST,other thornyheads,% SST in thornyhead catch,harlequin rockfish,yelloweye rockfish,redbanded rockfish,redstripe rockfish,black rockfish,other rockfish,Total (t),,,
2003,AI,151.5,129.3,47.8,73.00%,34.5,2.4,0.2,0.9,0.2,3.2,389.6,,,
2004,AI,129.5,60.3,37,62.00%,36.9,0.9,0.2,3.1,1.4,47.9,331.2,,,
2005,AI,134.2,78.1,35.1,69.00%,14.3,5.6,0.2,0,0,14.1,281.6,,,
2006,AI,161.4,118.7,39.7,74.90%,25.2,0.4,0.1,1.7,0.1,72.2,421.6,,,
2007,AI,231.7,115.9,15.4,88.30%,39.9,0.6,1.4,0.5,0.1,23.9,429.4,,,
2008,AI,179.8,107.4,7.8,93.20%,34.3,4.5,1,0.6,3.2,43.3,382,,,
2009,AI,142,131.7,10.9,92.40%,22.8,0.2,0.4,0,1.2,63,372.3,,,
2010,AI,226.2,154.8,14.9,91.20%,42.6,0.5,3.6,0.9,0.4,53.5,497.6,,,
2011,AI,380.5,152.9,10.7,93.40%,59.3,0.3,0.7,0,0.1,12.2,616.7,,,
2012,AI,435.2,171.1,2.7,98.40%,51.9,0.1,3.7,0,0.3,46.3,711.4,,,
2013,AI,334.3,226.2,4.6,98.00%,25.9,0.7,0.9,0,0.5,3.7,596.8,,,
2014,AI,349.3,202.4,8.8,95.90%,20,0.1,1.5,0.3,0.4,6.2,588.9,,,
2015,AI,294.4,119.7,2.3,98.10%,32.7,0.1,0.3,0,0.1,17.6,467.1,,,
2016,AI,337.6,113.5,0,100.00%,36.1,1.3,0.5,0.1,0.3,0.7,490.2,,,
2017,AI,403.5,99.6,0.8,99.20%,47.9,0.1,1.7,4.5,0.5,9.6,568.2,,,
2018,AI,570.6,90.2,1.3,98.60%,95.4,0.8,0.9,0,0.3,15.3,774.8,,,
2019,AI,332.4,135,0,100.00%,92.2,0.3,2,0,0.8,7.2,569.9,,,
2020,AI,426.6,186,0.1,99.90%,97.8,1,2.3,0.1,1.1,24.3,739.5,,,
2021,AI,361.4,164.5,6,96.50%,67.6,0.6,0.6,0,0.1,8.2,609.2,,,
2022,AI,380.6,159.1,0,100.00%,90.5,0.6,0.6,0.3,0,25.5,657.3,,,
2023,AI,355.1,141.2,0,100.00%,69.2,0.9,1.8,0,0.8,0.3,569.4,,,
2024,AI,248.1,225.9,0,100.00%,88.7,0.3,2.2,2,0.2,5.4,573.1,,,
2025,AI,235.7,189.6,0.1,100.00%,58.6,0,1,0,0.4,37.8,523.1,,,
2026,AI,212.9,129.4,1,99.20%,51,0.1,0.8,0.2,0.3,5,400.8,,,
Average,AI,292.3,141.8,10.3,92.50%,51.5,0.9,1.2,0.6,0.5,22.8,523.4,,,
2003,EBS,22.2,218.9,20.8,91.30%,0,1.1,17,1,0.3,13.6,295,,,
2004,EBS,31.9,224.3,17.7,92.70%,0.4,1.4,10.4,0,0.9,15,301.9,,,
2005,EBS,36.2,103,15.9,86.60%,0.2,0.7,0.3,0,7.2,1.6,165.2,,,
2006,EBS,46.6,89,4.3,95.40%,0,1.4,0.4,0.1,0.2,6.9,148.8,,,
2007,EBS,44.9,163.1,5.1,97.00%,0,1.7,0,0,0.3,1.8,217.1,,,
2008,EBS,15.4,179,7.4,96.00%,0,1,0,0.1,2.2,9.2,214.3,,,
2009,EBS,10.2,177.6,1,99.40%,0.1,1.1,0.2,0,0.2,2.8,193.3,,,
2010,EBS,33.3,200.2,7.1,96.60%,0.3,1.4,0.5,0,1.5,23.8,268.3,,,
2011,EBS,46.1,258,1.7,99.30%,4.6,1.4,0.5,0,3.5,12.7,328.4,,,
2012,EBS,35.9,134.5,9.5,93.40%,0.1,0.5,2.6,0.1,7.2,17.3,207.6,,,
2013,EBS,33.3,142.7,3,97.90%,0.6,0.7,0.2,0,4.6,7,192.2,,,
2014,EBS,42.2,245.9,3.4,98.60%,1.5,1.5,0.1,4.6,1.8,22.8,323.9,,,
2015,EBS,47.7,99.8,2.3,97.80%,2.3,1.4,0.2,0,1.7,28.5,183.9,,,
2016,EBS,36.4,210,9.5,95.70%,3.1,2.5,0.1,0,6.2,10.2,278.1,,,
2017,EBS,30.2,210.9,1,99.50%,1.7,1.3,1.6,0.3,0.8,11.9,259.8,,,
2018,EBS,38.4,148.7,0.6,99.60%,0.5,1,0.2,0.1,5.2,16.7,211.4,,,
2019,EBS,88.2,599.7,1.9,99.70%,3.4,1.3,0.6,0.1,0.7,7.6,703.5,,,
2020,EBS,64.3,247.8,0.4,99.80%,0.3,0.8,0,0,7.6,33.8,355,,,
2021,EBS,65.3,310.5,0.1,100.00%,3.4,0.8,0,0,0.2,11.6,391.7,,,
2022,EBS,122.7,506.4,1,99.80%,7,1.9,0.5,0,1.2,10.4,651.2,,,
2023,EBS,92.4,506.9,0,100.00%,30.9,2.9,0.2,0,2.6,17.3,653.1,,,
2024,EBS,106,651.2,0,100.00%,5.6,1.5,0.1,0,1.2,22.7,788.3,,,
2025,EBS,72.5,386,1,99.70%,0.8,0.1,0.3,0.4,8.6,37,506.6,,,
2026,EBS,37.4,107.1,0,100.00%,0.9,0.7,0.3,0,5.2,14.7,166.4,,,
Average,EBS,50,255,4.8,97.30%,2.8,1.3,1.5,0.3,3,14.9,333.5,,,
,,,,,,,,,,,,,,,
Percentage of the total catch of Other Rockfish species ,,,,,,,,,,,,,,,
since 2003 by target fishery and gear type.,,,,,,,,,,,,,,,
Target fishery,Bottom trawl,Pelagic trawl,Longline,Pot,Jig,Total,,,,,,,,,
Atka mackerel,34.8,0,0,0,0,34.8,,,,,,,,,
Rockfish,22.8,0,0.2,0,0,23,,,,,,,,,
Flatfish,14.7,0,3.7,0,0,18.4,,,,,,,,,
Sablefish,4.4,0,5.8,0.1,0,10.4,,,,,,,,,
Pacific cod,1.3,0,6.4,0.3,0,8,,,,,,,,,
Pollock,0.3,2.5,0,0,0,2.8,,,,,,,,,
Halibut,0,0,2.6,0,0,2.6,,,,,,,,,
Other,0,0,0,0,0,0,,,,,,,,,
Total,78.3,2.5,18.7,0.4,0.1,100,,,,,,,,,
,,,,,,,,,,,,,,,
Sum of total catch (t) of EBS dusky rockfish since 2003 by target fishery and gear type.,,,,,,,,,,,,,,,
Gear,Target fishery,517,519,509,513,516,518,521,523,524,508,514,512,Total (t),% of total
Bottom trawl,Rockfish,98.5,63.5,0,0,0,4.7,176.1,6.1,0,0.2,0,0,349.1,29.1
Longline,Pacific cod,30.8,10.3,0.3,4.6,0,0.1,282.4,0.8,0.1,0,0,0,329.3,27.4
Pelagic trawl,Pollock,119.4,44,10.9,1,0.1,0,53,3.7,0.9,0,0.1,0,233.1,19.4
Bottom trawl,Atka mackerel,3.5,115.2,0,0,0,0,0,0,0,0,0,0,118.7,9.9
Bottom trawl,Pacific cod,21.6,22.9,8,0,0,0,11.4,0.1,0.1,0,0,0,64,5.3
Bottom trawl,Flatfish,19.4,6,2.4,1.6,0.4,0.4,10.9,0.2,0.3,0,0,0,41.5,3.5
Pot,Pacific cod,3.3,15.8,6.1,0.2,0.2,0.7,0,0,0,0,0,0.1,26.5,2.2
Longline,Halibut,0.1,3,0,0.3,0,6.4,3.5,0.2,3.2,0,0.4,0,17.1,1.4
Bottom trawl,Pollock,1.5,8.2,0.2,0.1,0,0,4.8,0,0,0,0,0,14.8,1.2
Longline,Flatfish,0,0,0,0,0,0,2.2,0.1,0,0,0,0,2.2,0.2
Bottom trawl,Sablefish,0.4,0.8,0,0,0,0,0,0,0,0,0,0,1.2,0.1
Longline,Other,0.8,0,0,0,0,0,0,0,0,0,0,0,0.8,0.1
Jig,Rockfish,0,0.1,0,0,0,0.1,0,0,0,0,0.6,0,0.7,0.1
Pelagic trawl,Pacific cod,0.2,0,0,0,0,0,0,0,0,0,0,0,0.2,0
Longline,Sablefish,0,0,0,0,0,0.2,0,0,0,0,0,0,0.2,0
Jig,Pacific cod,0,0,0,0,0,0.1,0,0,0,0,0,0,0.1,0
Pelagic trawl,Atka mackerel,0,0,0,0,0,0,0,0,0,0,0,0,0,0
Bottom trawl,Other,0,0,0,0,0,0,0,0,0,0,0,0,0,0
Pelagic trawl,Rockfish,0,0,0,0,0,0,0,0,0,0,0,0,0,0
Pot,Rockfish,0,0,0,0,0,0,0,0,0,0,0,0,0,0
Longline,Rockfish,0,0,0,0,0,0,0,0,0,0,0,0,0,0
Pot,Halibut,0,0,0,0,0,0,0,0,0,0,0,0,0,0
Pot,Other,0,0,0,0,0,0,0,0,0,0,0,0,0,0
Total (t),NA,299.5,290,27.8,7.8,0.7,12.7,544.3,11.2,4.5,0.2,1,0.1,1199.8,100
,,,,,,,,,,,,,,,
Sum of total catch (t) of AI dusky rockfish since 2003 by target fishery and gear type.,,,,,,,,,,,,,,,
Gear,Target fishery,541,542,543,Total (t),% of total,,,,,,,,,
Bottom trawl,Atka mackerel,4139.9,1022.5,390.5,5552.9,79.2,,,,,,,,,
Bottom trawl,Rockfish,548.4,350.9,254,1153.3,16.4,,,,,,,,,
Longline,Pacific cod,55.6,77.2,34.1,166.8,2.4,,,,,,,,,
Bottom trawl,Flatfish,67.5,0,0,67.5,1,,,,,,,,,
Bottom trawl,Pacific cod,52.2,6.2,3.6,62,0.9,,,,,,,,,
Longline,Halibut,2.9,1.5,0.5,4.8,0.1,,,,,,,,,
Longline,Sablefish,1.5,1.9,0,3.4,0,,,,,,,,,
Pot,Pacific cod,1.8,1.1,0,2.9,0,,,,,,,,,
Longline,Flatfish,0,0.5,0,0.5,0,,,,,,,,,
Longline,Other,0,0.1,0.2,0.2,0,,,,,,,,,
Bottom trawl,Pollock,0.2,0,0,0.2,0,,,,,,,,,
Longline,Rockfish,0,0.1,0,0.1,0,,,,,,,,,
Pelagic trawl,Pollock,0.1,0,0,0.1,0,,,,,,,,,
Pot,Sablefish,0,0,0,0,0,,,,,,,,,
Pelagic trawl,Rockfish,0,0,0,0,0,,,,,,,,,
Total (t),NA,4870,1461.8,682.8,7014.6,100,,,,,,,,,
,,,,,,,,,,,,,,,
Sum of total catch (t) of EBS shortspine thornyhead since 2003 by target fishery and gear type.,,,,,,,,,,,,,,,
Gear,Target fishery,517,518,519,509,513,514,521,523,524,508,530,516,Total (t),% of total
Bottom trawl,Flatfish,1974.3,56.8,321,0.1,6.8,0.1,228.4,135.7,23.9,0,0,0,2747.2,44.9
Bottom trawl,Rockfish,521.1,1.6,309.9,0,0,0,153.6,91.1,0,0,0,0,1077.3,17.6
Bottom trawl,Sablefish,715.5,3.7,178.6,0,0,0,4,4.8,3.9,0,0,0,910.4,14.9
Longline,Flatfish,36,12.7,2,0,0,0,349.6,121.4,5.2,0,0,0,526.9,8.6
Pelagic trawl,Pollock,162,0,75.5,0.7,0.3,0.1,1.8,0.8,0.7,0,0,0.1,241.9,4
Longline,Halibut,13.8,78,25.9,0,1.9,1.6,39.6,11.5,11.7,0,0,0,184,3
Longline,Sablefish,37.4,80,29.3,0,0,0.2,4.8,4.5,0.1,0.4,0.2,0,157,2.6
Bottom trawl,Pacific cod,50.4,0,28.4,0.1,0,0,1.2,0,0,0,0,0,80,1.3
Longline,Pacific cod,7.9,0.8,2.1,0,0,0,54.3,5,0.3,0,0,0,70.5,1.2
Bottom trawl,Atka mackerel,16.6,0.1,39,0,0,0,0,0,0,0,0,0,55.7,0.9
Bottom trawl,Pollock,27,0.3,5.7,0.1,0,0,11,0.9,0.4,0,0,0,45.3,0.7
Pot,Sablefish,2.5,7.4,5,0,0,0,0.2,0.1,0,0,0,0,15.2,0.2
Longline,Rockfish,0.6,1.4,1.5,0,0,0,0.7,2.3,0.5,0,0,0,7.1,0.1
Bottom trawl,Other,1,0,0,0,0,0,0,0,0,0,0,0,1,0
Longline,Other,0.1,0,0.2,0,0,0,0.6,0.1,0,0,0,0,1,0
Pot,Flatfish,0,0.1,0,0,0,0,0,0,0,0,0,0,0.1,0
Pot,Halibut,0,0,0,0,0,0,0.1,0,0,0,0,0,0.1,0
Pot,Pacific cod,0,0,0,0,0,0,0,0,0,0,0,0,0,0
Jig,Halibut,0,0,0,0,0,0,0,0,0,0,0,0,0,0
Total (t),NA,3566,242.9,1024.1,1,9.1,1.9,849.9,378.2,46.9,0.4,0.2,0.1,6120.8,100
,,,,,,,,,,,,,,,
Sum of total catch (t) of AI shortspine thornyhead since 2003 by target fishery and gear type.,,,,,,,,,,,,,,,
Gear,Target fishery,541,542,543,Total (t),% of total,,,,,,,,,
Bottom trawl,Rockfish,54.6,508.7,1002.6,1565.9,46,,,,,,,,,
Longline,Sablefish,437,324.9,140,901.8,26.5,,,,,,,,,
Bottom trawl,Atka mackerel,19.2,142.8,251.9,414,12.2,,,,,,,,,
Longline,Halibut,92.6,94.6,23.3,210.5,6.2,,,,,,,,,
Longline,Flatfish,13.2,107.5,0,120.7,3.5,,,,,,,,,
Longline,Pacific cod,29.4,15.4,68.1,112.9,3.3,,,,,,,,,
Bottom trawl,Flatfish,41.1,0,0,41.1,1.2,,,,,,,,,
Longline,Rockfish,5.5,6.8,12.6,24.9,0.7,,,,,,,,,
Pot,Sablefish,5,0.5,1,6.5,0.2,,,,,,,,,
Longline,Other,0.4,1.7,0,2.1,0.1,,,,,,,,,
Bottom trawl,Pacific cod,0.7,0,0.4,1,0,,,,,,,,,
Bottom trawl,Sablefish,0.6,0,0,0.6,0,,,,,,,,,
Bottom trawl,Pollock,0.3,0.1,0,0.4,0,,,,,,,,,
Jig,Pacific cod,0,0,0,0,0,,,,,,,,,
Pot,Pacific cod,0,0,0,0,0,,,,,,,,,
Pot,Rockfish,0,0,0,0,0,,,,,,,,,
Pot,Halibut,0,0,0,0,0,,,,,,,,,
Total (t),NA,699.6,1203.1,1499.8,3402.5,100,,,,,,,,,
,,,,,,,,,,,,,,,
Retained and discarded catch of all Other Rockfish species since 2003 in the Aleutian Islands and Bering Sea. ,,,,,,,,,,,,,,,
Area,Year,Discarded,Retained,Total catch,Percent discarded,,,,,,,,,,
AI,2003,187,202,390,48.10%,,,,,,,,,,
AI,2004,166,165,331,50.10%,,,,,,,,,,
AI,2005,95,186,282,33.90%,,,,,,,,,,
AI,2006,177,245,422,41.90%,,,,,,,,,,
AI,2007,218,212,429,50.70%,,,,,,,,,,
AI,2008,114,268,382,29.80%,,,,,,,,,,
AI,2009,116,256,372,31.30%,,,,,,,,,,
AI,2010,124,373,498,25.00%,,,,,,,,,,
AI,2011,143,474,617,23.20%,,,,,,,,,,
AI,2012,98,613,711,13.80%,,,,,,,,,,
AI,2013,152,445,597,25.40%,,,,,,,,,,
AI,2014,147,442,589,25.00%,,,,,,,,,,
AI,2015,65,402,467,14.00%,,,,,,,,,,
AI,2016,41,449,490,8.50%,,,,,,,,,,
AI,2017,102,466,568,18.00%,,,,,,,,,,
AI,2018,197,578,775,25.40%,,,,,,,,,,
AI,2019,255,315,570,44.70%,,,,,,,,,,
AI,2020,394,346,740,53.30%,,,,,,,,,,
AI,2021,277,332,609,45.40%,,,,,,,,,,
AI,2022,322,335,657,49.00%,,,,,,,,,,
AI,2023,273,297,569,47.90%,,,,,,,,,,
AI,2024,249,324,573,43.40%,,,,,,,,,,
AI,2025,146,377,523,27.90%,,,,,,,,,,
AI,2026,76,325,401,19.00%,,,,,,,,,,
EBS,2003,44,251,295,15.00%,,,,,,,,,,
EBS,2004,73,229,302,24.00%,,,,,,,,,,
EBS,2005,21,144,165,12.70%,,,,,,,,,,
EBS,2006,26,123,149,17.70%,,,,,,,,,,
EBS,2007,73,144,217,33.80%,,,,,,,,,,
EBS,2008,70,144,214,32.80%,,,,,,,,,,
EBS,2009,23,170,193,11.90%,,,,,,,,,,
EBS,2010,66,203,268,24.40%,,,,,,,,,,
EBS,2011,50,278,328,15.20%,,,,,,,,,,
EBS,2012,44,163,208,21.30%,,,,,,,,,,
EBS,2013,47,146,192,24.20%,,,,,,,,,,
EBS,2014,67,256,324,20.80%,,,,,,,,,,
EBS,2015,67,116,184,36.70%,,,,,,,,,,
EBS,2016,85,193,278,30.50%,,,,,,,,,,
EBS,2017,58,202,260,22.10%,,,,,,,,,,
EBS,2018,60,151,211,28.40%,,,,,,,,,,
EBS,2019,161,542,703,22.90%,,,,,,,,,,
EBS,2020,99,256,355,27.80%,,,,,,,,,,
EBS,2021,90,302,392,22.90%,,,,,,,,,,
EBS,2022,201,450,651,30.90%,,,,,,,,,,
EBS,2023,264,389,653,40.50%,,,,,,,,,,
EBS,2024,181,608,788,22.90%,,,,,,,,,,
EBS,2025,133,374,507,26.20%,,,,,,,,,,
EBS,2026,47,119,166,28.40%,,,,,,,,,,
,,,,,,,,,,,,,,,
Retained and discarded catch of all non-SST Other Rockfish species since 2003 in the Aleutian Islands and Bering Sea. ,,,,,,,,,,,,,,,
Area,Year,Discarded,Retained,Total catch,Percent discarded,,,,,,,,,,
AI,2003,157,104,260,60%,37,40,76,48%,,,,,,
AI,2004,158,113,271,58%,44,34,78,57%,,,,,,
AI,2005,86,118,203,42%,17,45,62,27%,,,,,,
AI,2006,158,145,303,52%,20,40,60,33%,,,,,,
AI,2007,194,119,313,62%,39,15,54,73%,,,,,,
AI,2008,108,167,275,39%,18,17,35,52%,,,,,,
AI,2009,101,140,241,42%,7,9,16,43%,,,,,,
AI,2010,100,243,343,29%,42,26,68,62%,,,,,,
AI,2011,102,362,464,22%,32,39,70,45%,,,,,,
AI,2012,83,458,540,15%,34,39,73,47%,,,,,,
AI,2013,104,267,371,28%,32,17,50,65%,,,,,,
AI,2014,61,326,387,16%,46,32,78,60%,,,,,,
AI,2015,53,294,347,15%,56,28,84,66%,,,,,,
AI,2016,20,356,377,5%,38,30,68,56%,,,,,,
AI,2017,88,380,469,19%,27,22,49,56%,,,,,,
AI,2018,190,495,685,28%,43,20,63,68%,,,,,,
AI,2019,210,225,435,48%,36,68,104,35%,,,,,,
AI,2020,289,265,554,52%,65,43,107,60%,,,,,,
AI,2021,236,209,445,53%,43,38,81,53%,,,,,,
AI,2022,251,247,498,51%,69,76,145,48%,,,,,,
AI,2023,202,227,428,47%,78,68,146,53%,,,,,,
AI,2024,113,234,347,33%,54,83,137,39%,,,,,,
AI,2025,108,226,334,32%,90,31,121,75%,,,,,,
AI,2026,67,204,271,25%,41,18,59,69%,,,,,,
,Average,135,247,382,36%,42,37,79,54%,,,,,,
,,,,,,,,,,,,,,,
,,,,,,,,,,,,,,,
,,,,,,,,,,,,,,,
,,,,,,,,,,,,,,,
,,,,,,,,,,,,,,,
,,,,,,,,,,,,,,,
,,,,,,,,,,,,,,,
,,,,,,,,,,,,,,,
,,,,,,,,,,,,,,,
,,,,,,,,,,,,,,,
,,,,,,,,,,,,,,,
,,,,,,,,,,,,,,,
,,,,,,,,,,,,,,,
,,,,,,,,,,,,,,,
,,,,,,,,,,,,,,,
,,,,,,,,,,,,,,,
,,,,,,,,,,,,,,,
,,,,,,,,,,,,,,,
,,,,,,,,,,,,,,,
,,,,,,,,,,,,,,,
,,,,,,,,,,,,,,,
,,,,,,,,,,,,,,,
,,,,,,,,,,,,,,,
,,,,,,,,,,,,,,,
Retained and discarded catch of SST Other Rockfish species since 2003 in the Aleutian Islands and Bering Sea. ,,,,,,,,,,,,,,,
Area,Year,Discarded,Retained,Total catch,Percent discarded,,,,,,,,,,
AI,2003,31,99,129,24%,8,211,219,4%,,,,,,
AI,2004,8,53,60,13%,29,196,224,13%,,,,,,
AI,2005,9,69,78,12%,4,99,103,4%,,,,,,
AI,2006,18,100,119,15%,6,82,89,7%,,,,,,
AI,2007,23,93,116,20%,34,129,163,21%,,,,,,
AI,2008,6,101,107,6%,52,127,179,29%,,,,,,
AI,2009,16,116,132,12%,16,161,178,9%,,,,,,
AI,2010,24,131,155,16%,23,177,200,12%,,,,,,
AI,2011,41,111,153,27%,18,240,258,7%,,,,,,
AI,2012,16,155,171,9%,10,125,134,7%,,,,,,
AI,2013,48,178,226,21%,14,128,143,10%,,,,,,
AI,2014,86,116,202,43%,21,225,246,9%,,,,,,
AI,2015,13,107,120,10%,12,88,100,12%,,,,,,
AI,2016,21,92,114,19%,47,163,210,22%,,,,,,
AI,2017,14,85,100,14%,30,181,211,14%,,,,,,
AI,2018,7,83,90,8%,17,131,149,12%,,,,,,
AI,2019,45,90,135,33%,125,475,600,21%,,,,,,
AI,2020,105,81,186,57%,34,214,248,14%,,,,,,
AI,2021,41,123,164,25%,47,264,310,15%,,,,,,
AI,2022,70,89,159,44%,132,374,506,26%,,,,,,
AI,2023,71,70,141,51%,186,321,507,37%,,,,,,
AI,2024,135,91,226,60%,127,524,651,20%,,,,,,
AI,2025,38,151,190,20%,43,343,386,11%,,,,,,
AI,2026,9,120,129,7%,6,101,107,6%,,,,,,
EBS,2003,37,104,142,24%,43,212,255,14%,,,,,,
EBS,2004,,,,,,,,,,,,,,
EBS,2005,,,,,,,,,,,,,,
EBS,2006,,,,,,,,,,,,,,
EBS,2007,,,,,,,,,,,,,,
EBS,2008,,,,,,,,,,,,,,
EBS,2009,,,,,,,,,,,,,,
EBS,2010,,,,,,,,,,,,,,
EBS,2011,,,,,,,,,,,,,,
EBS,2012,,,,,,,,,,,,,,
EBS,2013,,,,,,,,,,,,,,
EBS,2014,,,,,,,,,,,,,,
EBS,2015,,,,,,,,,,,,,,
EBS,2016,,,,,,,,,,,,,,
EBS,2017,,,,,,,,,,,,,,
EBS,2018,,,,,,,,,,,,,,
EBS,2019,,,,,,,,,,,,,,
EBS,2020,,,,,,,,,,,,,,
EBS,2021,,,,,,,,,,,,,,
EBS,2022,,,,,,,,,,,,,,
EBS,2023,,,,,,,,,,,,,,
EBS,2024,,,,,,,,,,,,,,
EBS,2025,,,,,,,,,,,,,,
EBS,2026,,,,,,,,,,,,,,
