model_name,species_group,fmp,year,pred,catch,catch_to_biomass
M22_2026,SST,AI,2003,14991.096816377647,129.2914605674553,0.00862454976784657
M22_2026,SST,AI,2004,16323.638792171074,60.3262040862465,0.003695634585787291
M22_2026,SST,AI,2005,16916.61481413946,78.07595539771528,0.004615341559497875
M22_2026,SST,AI,2006,17531.131410921233,118.67880355592506,0.006769603214655766
M22_2026,SST,AI,2007,17466.15013704541,115.8794582885447,0.006634516328974312
M22_2026,SST,AI,2008,17401.40972417593,107.40854441810777,0.006172404771832028
M22_2026,SST,AI,2009,17336.90927953217,131.74539436043446,0.007599128093493119
M22_2026,SST,AI,2010,17272.64791364267,154.79452642684458,0.008961829546967219
M22_2026,SST,AI,2011,16315.91296172452,152.89564872391838,0.009370952706268788
M22_2026,SST,AI,2012,15412.171724076365,171.1425392265559,0.01110437531390874
M22_2026,SST,AI,2013,15838.412289704129,226.1757227912666,0.014280201743346063
M22_2026,SST,AI,2014,16276.441007127685,202.3530538661586,0.012432266597934113
M22_2026,SST,AI,2015,16070.396928397557,119.71391581939982,0.007449344054959629
M22_2026,SST,AI,2016,15866.961169407641,113.53932642926952,0.0071557070832302455
M22_2026,SST,AI,2017,14940.912757129536,99.63180533692956,0.006668388133742836
M22_2026,SST,AI,2018,14068.91159767614,90.24602257382762,0.00641457030611623
M22_2026,SST,AI,2019,13889.037146184806,134.98290937683004,0.009718665732988454
M22_2026,SST,AI,2020,13711.462433239294,185.97754577271223,0.013563654984158796
M22_2026,SST,AI,2021,13536.158056123819,164.46226168383228,0.012149847911197284
M22_2026,SST,AI,2022,13363.094988043453,159.0963030578828,0.011905647845819644
M22_2026,SST,AI,2023,13732.087988889698,141.18025063155181,0.010281047626972486
M22_2026,SST,AI,2024,14111.269934347578,225.8990118483,0.016008411213114835
M22_2026,SST,AI,2025,14284.301222367678,189.56908084983556,0.013271148367621288
M22_2026,SST,AI,2026,14459.454206505337,129.3924843934383,0.008948642358521691
M22_2026,SST,AI,2027,14459.454206505337,NA,NA
M22_2026,SST,EBS,2003,18100.34678618167,218.94204014983652,0.012096013559087343
M22_2026,SST,EBS,2004,19814.633760730456,224.26176970754335,0.011317987120811465
M22_2026,SST,EBS,2005,20694.804794404678,102.9704510946464,0.004975666700779264
M22_2026,SST,EBS,2006,21963.666102344905,88.95921859366447,0.004050290064470017
M22_2026,SST,EBS,2007,23316.4006050166,163.10581982994478,0.006995325847800541
M22_2026,SST,EBS,2008,26280.665987776767,178.96175582819794,0.0068096354906467624
M22_2026,SST,EBS,2009,27426.77640213555,177.61468805397942,0.006475959312526049
M22_2026,SST,EBS,2010,30863.971095871046,200.18016841983936,0.00648588504045804
M22_2026,SST,EBS,2011,35146.166220345534,257.97153792158423,0.007339962381793118
M22_2026,SST,EBS,2012,32993.0629574712,134.45841509357751,0.004075354121164726
M22_2026,SST,EBS,2013,36549.521563820184,142.6569687130943,0.0039031145308973964
M22_2026,SST,EBS,2014,39492.91389145871,245.86303566574043,0.006225497473837052
M22_2026,SST,EBS,2015,42598.40064933897,99.77126229643275,0.0023421363425760676
M22_2026,SST,EBS,2016,39364.868785398685,209.98923165313974,0.005334432404637646
M22_2026,SST,EBS,2017,40335.999777871184,210.90092110105905,0.00522860279310002
M22_2026,SST,EBS,2018,39022.01574354455,148.67357763254208,0.0038099922518005053
M22_2026,SST,EBS,2019,37720.1179984996,599.6903937369365,0.015898423057976396
M22_2026,SST,EBS,2020,35493.82428359658,247.75463318831865,0.006980218057337319
M22_2026,SST,EBS,2021,33398.965111464364,310.49875288009764,0.009296657900741882
M22_2026,SST,EBS,2022,28252.769879257074,506.4073655723767,0.017924167001557478
M22_2026,SST,EBS,2023,23885.017689002565,506.85677945480626,0.021220699354481933
M22_2026,SST,EBS,2024,24010.0180153652,651.1796794584387,0.027121165800113794
M22_2026,SST,EBS,2025,24174.249266087834,386.032353317257,0.015968742154851178
M22_2026,SST,EBS,2026,24341.560998933986,107.057489471,0.004398135743048216
M22_2026,SST,EBS,2027,24341.560998933986,NA,NA
M22_2026,non-SST,AI,2003,874.1813496762976,260.3565394325447,0.2978289796836236
M22_2026,non-SST,AI,2004,1262.627760591057,270.8457959137535,0.21450961587203346
M22_2026,non-SST,AI,2005,1997.9879315690398,203.47604460228473,0.10184047730583286
M22_2026,non-SST,AI,2006,3161.6252226442643,302.93519644407496,0.09581628912699253
M22_2026,non-SST,AI,2007,2098.749359974354,313.4725417114553,0.14936159014018036
M22_2026,non-SST,AI,2008,1393.191338570102,274.58945558189225,0.19709385780686547
M22_2026,non-SST,AI,2009,924.8279679715882,240.54260563956552,0.2600944326620486
M22_2026,non-SST,AI,2010,613.9190983058354,342.8007091666554,0.5583809171479509
M22_2026,non-SST,AI,2011,425.1895867654491,463.8439937670816,1.0909109917194555
M22_2026,non-SST,AI,2012,294.4788412555811,540.3026676117441,1.8347758545504809
M22_2026,non-SST,AI,2013,856.5106546096121,370.6693008438334,0.4327667132322835
M22_2026,non-SST,AI,2014,2491.216341153278,386.5054919177414,0.15514730115282296
M22_2026,non-SST,AI,2015,2084.9154144646213,347.38801545200016,0.166619716580303
M22_2026,non-SST,AI,2016,1744.879484637552,376.6344043011305,0.21585124223027088
M22_2026,non-SST,AI,2017,1296.1359925399554,468.54259216837045,0.3614918456590325
M22_2026,non-SST,AI,2018,962.7991651850385,684.5606914146724,0.7110108900884932
M22_2026,non-SST,AI,2019,1070.9324875681375,434.95445037067,0.4061455371088425
M22_2026,non-SST,AI,2020,1191.2104147997054,553.5723553694878,0.464714166776797
M22_2026,non-SST,AI,2021,1324.9969244555232,444.72340769196774,0.33564108677061005
M22_2026,non-SST,AI,2022,1473.8091843427944,498.1946472150172,0.338031987117229
M22_2026,non-SST,AI,2023,1512.8913112850857,428.2373753100482,0.28305891647053827
M22_2026,non-SST,AI,2024,1553.0098089207886,347.2144484877,0.22357518059012446
M22_2026,non-SST,AI,2025,2462.627577542114,333.5641227062644,0.13545049432086126
M22_2026,non-SST,AI,2026,3905.0201427158295,271.39414953886165,0.06949878351974768
M22_2026,non-SST,AI,2027,3905.0201427158295,NA,NA
M22_2026,non-SST,EBS,2003,561.6110931962634,76.05695985016348,0.13542638450623382
M22_2026,non-SST,EBS,2004,1914.2396023388123,77.63723029245664,0.04055773906129603
M22_2026,non-SST,EBS,2005,1269.0624136501579,62.27954890535359,0.04907524502772184
M22_2026,non-SST,EBS,2006,952.2766408817512,59.88778140633551,0.06288905853122997
M22_2026,non-SST,EBS,2007,665.3813242162776,53.95618017005523,0.08109061406796736
M22_2026,non-SST,EBS,2008,473.45429695627706,35.37724417180206,0.07472156108674859
M22_2026,non-SST,EBS,2009,367.6167470553023,15.707311946020582,0.042727411283190686
M22_2026,non-SST,EBS,2010,297.19699530833316,68.08277635236063,0.22908299016188485
M22_2026,non-SST,EBS,2011,264.894439472659,70.47615458241577,0.2660537334144002
M22_2026,non-SST,EBS,2012,240.98940308795068,73.11184820182248,0.3033820046234142
M22_2026,non-SST,EBS,2013,267.9205899254753,49.53041348760569,0.18486975376316933
M22_2026,non-SST,EBS,2014,307.51882592844487,78.05933254555956,0.25383594747374205
M22_2026,non-SST,EBS,2015,352.22853972569567,84.08412547406725,0.23872036473690997
M22_2026,non-SST,EBS,2016,355.66087418796656,68.14419730346026,0.19159880169289042
M22_2026,non-SST,EBS,2017,715.809878917496,48.923258538940935,0.06834672163637436
M22_2026,non-SST,EBS,2018,1626.7836023338687,62.71987230365791,0.03855452699036104
M22_2026,non-SST,EBS,2019,1168.6557815695683,103.78617837116347,0.08880816747577545
M22_2026,non-SST,EBS,2020,851.224314682458,107.24745020958134,0.12599199571688585
M22_2026,non-SST,EBS,2021,628.5579636761752,81.21714171050235,0.1292118569868989
M22_2026,non-SST,EBS,2022,470.47578125291756,144.78436657752331,0.30774031809235763
M22_2026,non-SST,EBS,2023,742.6680616418279,146.28395197189374,0.19697084003922496
M22_2026,non-SST,EBS,2024,1148.3094314536647,137.1040417880613,0.1193964257652216
M22_2026,non-SST,EBS,2025,379.7321336904613,120.592436063943,0.31757237632737173
M22_2026,non-SST,EBS,2026,192.9772361391963,59.3277298035,0.3074338247890873
M22_2026,non-SST,EBS,2027,192.9772361391963,NA,NA
