year,M22_2024,M22_2026
1991,19868.02553687371,19837.247962052188
1992,19795.455827101767,19718.07802205561
1993,19830.152793968766,19740.46051226263
1994,19934.532067138163,19839.946219755187
1995,20720.01336075587,20623.13952956866
1996,21597.627310505966,21494.37364988632
1997,22649.570300626663,22549.886711702235
1998,21194.73091318304,21235.684136159685
1999,20162.087951293888,20272.919753448645
2000,23376.793736116382,23463.208253752367
2001,27260.65567019684,27256.80838614392
2002,31729.851883840965,31648.341054209784
2003,34533.20317000125,34527.2360454319
2004,39013.97872304557,39315.13991583137
2005,40620.56587846147,40878.469953763306
2006,43164.976003250296,43608.69937679214
2007,43304.15292423412,43546.68142625267
2008,45495.5158731229,45548.72134747904
2009,46008.05560733026,46056.13039669463
2010,49092.55918838127,49047.73510312785
2011,52298.91696858687,52152.16320830812
2012,48897.46200357745,48940.7029258911
2013,53486.614826579374,53512.36509805941
2014,58348.57039590443,58568.09006566816
2015,61133.83405601612,61105.94153192686
2016,57373.10567126707,57332.37031363187
2017,57359.7840761927,57288.858406458145
2018,55573.4962114959,55680.51010873956
2019,53840.058209017516,53848.74341382207
2020,51251.4646112836,51247.721446318064
2021,48880.01204391944,48888.67805571991
2022,43275.010264472105,43560.14983289626
2023,39491.640963208876,39872.66505081916
2024,40559.15991683113,40822.607190087234
2025,40559.15991683113,41300.91019968809
2026,NA,42899.01258429432
2027,NA,42899.01258429432
