year,species_group,M22_2024,M22_2026
1991,SST,18916.985258920267,18841.788654101958
1992,SST,19082.58860921795,19007.091840292927
1993,SST,19257.476646785297,19181.101776650692
1994,SST,19442.5940324583,19364.6454724275
1995,SST,20134.770301022305,20050.05062437939
1996,SST,20892.396463649533,20799.50802648163
1997,SST,21721.700536891825,21619.045051172867
1998,SST,19981.81839114627,19989.436921524793
1999,SST,18802.117637783645,18881.026644445676
2000,SST,21906.153866722776,21963.5856514723
2001,SST,26142.45055497342,26141.49879511965
2002,SST,30851.147777919432,30789.504424776707
2003,SST,33127.27849033347,33091.44360255934
2004,SST,36192.489855034924,36138.2725529015
2005,SST,37627.50305994362,37611.41960854411
2006,SST,39487.051228193064,39494.79751326612
2007,SST,40758.40192006867,40782.550742062034
2008,SST,43724.79056432374,43682.07571195266
2009,SST,44747.67886176626,44763.68568166774
2010,SST,48183.999953879094,48136.619009513684
2011,SST,51599.010370361066,51462.07918207001
2012,SST,48345.7996385447,48405.23468154757
2013,SST,52402.46743595493,52387.93385352432
2014,SST,55880.1931541592,55769.35489858644
2015,SST,58851.76186143119,58668.79757773654
2016,SST,55282.2753856636,55231.82995480635
2017,SST,55365.006811301195,55276.912535000694
2018,SST,53151.09543839337,53090.92734122065
2019,SST,51665.443916970195,51609.155144684366
2020,SST,49219.53675785494,49205.2867168359
2021,SST,46911.91812244545,46935.12316758821
2022,SST,41309.61289388282,41615.86486730055
2023,SST,37109.75530187638,37617.10567789224
2024,SST,37408.07619846338,38121.28794971278
2025,SST,37408.07619846338,38458.55048845552
2026,SST,NA,38801.0152054393
2027,SST,NA,38801.0152054393
1991,non-SST,951.0402779534427,995.4593079502284
1992,non-SST,712.8672178838169,710.9861817626833
1993,non-SST,572.6761471834675,559.3587356119382
1994,non-SST,491.9380346798626,475.3007473276897
1995,non-SST,585.2430597335663,573.0889051892705
1996,non-SST,705.2308468564315,694.8656234046921
1997,non-SST,927.8697637348386,930.841660529368
1998,non-SST,1212.9125220367712,1246.2472146348903
1999,non-SST,1359.9703135102418,1391.8931090029698
2000,non-SST,1470.6398693936076,1499.6226022800702
2001,non-SST,1118.2051152234208,1115.3095910242705
2002,non-SST,878.704105921534,858.8366294330773
2003,non-SST,1405.9246796677862,1435.7924428725603
2004,non-SST,2821.4888680106474,3176.8673629298705
2005,non-SST,2993.0628185178525,3267.0503452191992
2006,non-SST,3677.924775057233,4113.901863526017
2007,non-SST,2545.7510041654555,2764.1306841906326
2008,non-SST,1770.7253087991628,1866.64563552638
2009,non-SST,1260.376745563997,1292.4447150268902
2010,non-SST,908.5592345021756,911.1160936141683
2011,non-SST,699.906598225803,690.0840262381078
2012,non-SST,551.6623650327551,535.4682443435318
2013,non-SST,1084.14739062444,1124.431244535087
2014,non-SST,2468.3772417452337,2798.7351670817225
2015,non-SST,2282.072194584938,2437.1439541903173
2016,non-SST,2090.830285603472,2100.540358825518
2017,non-SST,1994.7772648915081,2011.9458714574512
2018,non-SST,2422.400773102525,2589.582767518908
2019,non-SST,2174.614292047324,2239.5882691377064
2020,non-SST,2031.9278534286552,2042.4347294821625
2021,non-SST,1968.0939214739924,1953.554888131699
2022,non-SST,1965.3973705892845,1944.2849655957125
2023,non-SST,2381.885661332496,2255.5593729269144
2024,non-SST,3151.083718367747,2701.319240374453
2025,non-SST,3151.083718367747,2842.3597112325747
2026,non-SST,NA,4097.997378855029
2027,non-SST,NA,4097.997378855029
