fmp_subarea,complex,year,Discarded,Retained,Total,Discard Rate
AI,non-SST,2003,156.67492079357643,103.68161863896827,260.3565394325447,60.17706378147996
AI,non-SST,2004,158.12955503648652,112.71624087726698,270.8457959137535,58.38361068260419
AI,non-SST,2005,85.87619925458598,117.59984534769875,203.47604460228473,42.204574706786744
AI,non-SST,2006,158.27987706711494,144.65531937696002,302.93519644407496,52.24875779541024
AI,non-SST,2007,194.35229977117174,119.12024194028358,313.47254171145534,61.99978432243958
AI,non-SST,2008,107.56472854667571,167.02472703521653,274.58945558189225,39.17292756880685
AI,non-SST,2009,100.89816886597356,139.644436773592,240.54260563956555,41.94606963606341
AI,non-SST,2010,100.2747362201486,242.5259729465068,342.8007091666554,29.251612828898555
AI,non-SST,2011,101.59378752286815,362.2502062442135,463.84399376708166,21.90257691983466
AI,non-SST,2012,82.73740774858916,457.56525986315495,540.3026676117441,15.313159217648616
AI,non-SST,2013,103.63743093873974,267.03186990509363,370.66930084383335,27.959539865537238
AI,non-SST,2014,60.77486134601539,325.730630571726,386.5054919177414,15.72419088910382
AI,non-SST,2015,52.98310001816487,294.4049154338353,347.38801545200016,15.25185028309813
AI,non-SST,2016,20.332141004969372,356.3022632961611,376.6344043011304,5.39837592444508
AI,non-SST,2017,88.0509728297588,380.49161933861166,468.54259216837045,18.792522665285837
AI,non-SST,2018,189.50436213282464,495.05632928184775,684.5606914146724,27.682623981988534
AI,non-SST,2019,210.059208285738,224.89524208493197,434.95445037067,48.294530175912605
AI,non-SST,2020,288.91807082427897,264.6542845452088,553.5723553694877,52.19156412379689
AI,non-SST,2021,235.64244854896518,209.08095914300256,444.72340769196774,52.98629315958562
AI,non-SST,2022,251.35741280507762,246.83723440993958,498.1946472150172,50.45365585724441
AI,non-SST,2023,201.50730248811357,226.7300728219346,428.23737531004815,47.05504799580379
AI,non-SST,2024,113.47360207,233.7408464177,347.2144484877,32.68112907289334
AI,non-SST,2025,107.74469327694803,225.81942942931641,333.56412270626447,32.30104377017419
AI,non-SST,2026,67.2044910053908,204.1896585334709,271.3941495388617,24.76268965988436
AI,SST,2003,30.660079206423553,98.63138136103173,129.2914605674553,23.713924393658818
AI,SST,2004,7.629444963513485,52.69675912273301,60.3262040862465,12.646983311938383
AI,SST,2005,9.465800745414013,68.61015465230126,78.07595539771528,12.123835945645064
AI,SST,2006,18.240122932885072,100.43868062303999,118.67880355592506,15.369318181818182
AI,SST,2007,23.30970022882827,92.56975805971642,115.8794582885447,20.115472209738968
AI,SST,2008,6.226271453324294,101.18227296478348,107.40854441810777,5.79681205723017
AI,SST,2009,15.573831134026443,116.17156322640803,131.74539436043446,11.82115793089428
AI,SST,2010,24.006004245551402,130.78852218129316,154.79452642684456,15.508303038671443
AI,SST,2011,41.485061978431844,111.41058674548653,152.89564872391838,27.132925184379094
AI,SST,2012,15.71138544391083,155.43115378264505,171.1425392265559,9.180292354498922
AI,SST,2013,48.146273086860255,178.02944970440635,226.1757227912666,21.28710919663715
AI,SST,2014,86.42138958818461,115.931664277974,202.3530538661586,42.70822107055814
AI,SST,2015,12.507803500135129,107.20611231926468,119.7139158193998,10.448078165786825
AI,SST,2016,21.164118989130625,92.37520744013891,113.53932642926954,18.64034220981135
AI,SST,2017,14.2372213672412,85.39458396968836,99.63180533692956,14.289835779944484
AI,SST,2018,7.288641860775347,82.95738071305227,90.24602257382762,8.07641340072658
AI,SST,2019,44.526182567161975,90.45672680966806,134.98290937683004,32.98653346021666
AI,SST,2020,105.06699502232105,80.9105507503912,185.97754577271223,56.494451835989935
AI,SST,2021,41.07848097923483,123.38378070459743,164.46226168383225,24.977451093434112
AI,SST,2022,70.43453432662238,88.66176873126041,159.09630305788278,44.27163483553526
AI,SST,2023,71.37929956938643,69.80095106216538,141.18025063155181,50.55898346268707
AI,SST,2024,135.1948892345,90.7041226138,225.8990118483,59.84749031363123
AI,SST,2025,38.41409056575196,151.1549902840836,189.56908084983556,20.263900839494568
AI,SST,2026,9.016042625109197,120.37644176832912,129.3924843934383,6.967980147668
EBS,non-SST,2003,36.52063350827691,39.53632634188657,76.05695985016348,48.01747740144311
EBS,non-SST,2004,43.94561973801637,33.691610554440274,77.63723029245665,56.60379636480436
EBS,non-SST,2005,17.069763686790285,45.209785218563304,62.27954890535359,27.408296923812426
EBS,non-SST,2006,19.823754511807937,40.06402689452758,59.88778140633552,33.101500917699354
EBS,non-SST,2007,39.22737505556345,14.728805114491779,53.95618017005523,72.70228346767583
EBS,non-SST,2008,18.208784774617882,17.16845939718418,35.37724417180206,51.47033128468343
EBS,non-SST,2009,6.7870642454750785,8.920247700545504,15.707311946020582,43.20958461129034
EBS,non-SST,2010,42.48943825161973,25.59333810074089,68.08277635236063,62.408498195955985
EBS,non-SST,2011,31.67427845680568,38.80187612561009,70.47615458241577,44.94325583522772
EBS,non-SST,2012,34.335511383314,38.776336818508476,73.11184820182248,46.96299194698529
EBS,non-SST,2013,32.39013076331498,17.140282724290714,49.53041348760569,65.3944283574781
EBS,non-SST,2014,46.428857444019336,31.63047510154022,78.05933254555956,59.478932153206664
EBS,non-SST,2015,55.8135725162216,28.270552957845652,84.08412547406725,66.37825178241916
EBS,non-SST,2016,37.87609636563704,30.268100937823213,68.14419730346026,55.58227679602259
EBS,non-SST,2017,27.24092010160048,21.68233843734045,48.92325853894093,55.68091929101128
EBS,non-SST,2018,42.70899074835641,20.0108815553015,62.71987230365791,68.09483052130763
EBS,non-SST,2019,35.885337904685294,67.90084046647819,103.78617837116349,34.576220521725915
EBS,non-SST,2020,64.61657931717141,42.63087089240993,107.24745020958134,60.24999120342598
EBS,non-SST,2021,42.74788813141668,38.469253579085674,81.21714171050235,52.634071122314396
EBS,non-SST,2022,69.22611464704113,75.55825193048217,144.78436657752331,47.81325241352955
EBS,non-SST,2023,77.93599912032862,68.34795285156513,146.28395197189374,53.27720373271214
EBS,non-SST,2024,53.73855753472994,83.36548425333136,137.1040417880613,39.19545830589028
EBS,non-SST,2025,89.83418637617183,30.758249687771162,120.59243606394298,74.49404731200397
EBS,non-SST,2026,40.8493291333,18.4784006702,59.327729803500006,68.85368657893618
EBS,SST,2003,7.770366491723087,211.17167365811343,218.94204014983652,3.5490518341773516
EBS,SST,2004,28.636380261983636,195.62538944555973,224.26176970754338,12.769176083524151
EBS,SST,2005,3.9562363132097125,99.01421478143669,102.9704510946464,3.8421083632753006
EBS,SST,2006,6.467245488192063,82.49197310547241,88.95921859366447,7.2698991632696845
EBS,SST,2007,34.04362494443655,129.0621948855082,163.10581982994475,20.872109272330484
EBS,SST,2008,52.186215225382114,126.77554060281582,178.96175582819794,29.16054046512626
EBS,SST,2009,16.21493575452492,161.3997522994545,177.61468805397942,9.129276374708937
EBS,SST,2010,23.095595454380266,177.0845729654591,200.18016841983936,11.537404347638326
EBS,SST,2011,18.34845813709432,239.6230797844899,257.97153792158423,7.112590127160351
EBS,SST,2012,9.863046144485997,124.59536894909152,134.45841509357751,7.335387775931855
EBS,SST,2013,14.211424157185021,128.4455445559093,142.65696871309433,9.961955791845288
EBS,SST,2014,21.06225687568066,224.80077879005978,245.86303566574043,8.566662661855176
EBS,SST,2015,11.647892427678403,88.12336986875434,99.77126229643274,11.674596631914987
EBS,SST,2016,47.015814323862955,162.97341732927677,209.9892316531397,22.389631103333762
EBS,SST,2017,30.309095875899516,180.59182522515954,210.90092110105905,14.371248697096048
EBS,SST,2018,17.374250450843583,131.2993271816985,148.67357763254208,11.686172302778203
EBS,SST,2019,125.0944469331147,474.59594680382185,599.6903937369366,20.859838383202334
EBS,SST,2020,34.22072611782858,213.53390707049007,247.75463318831865,13.812345576527468
EBS,SST,2021,46.76187123318332,263.7368816469143,310.49875288009764,15.060244461349226
EBS,SST,2022,132.05061755115887,374.3567480212178,506.40736557237665,26.075967003739393
EBS,SST,2023,186.2857186373714,320.5710608174349,506.8567794548063,36.75312754773589
EBS,SST,2024,126.86688386007005,524.3127955983687,651.1796794584387,19.48262328541646
EBS,SST,2025,43.082931592228164,342.94942172502886,386.03235331725705,11.160445807717277
EBS,SST,2026,6.4436266234,100.6138628476,107.057489471,6.018847121522933
