species_group,model_name,strata,year,pred,pred_lci,pred_uci
SST,M22_2026,AI,1991,6344.470223676229,4349.127237593424,9255.259784348773
SST,M22_2026,AI,1992,6448.362179208781,4326.566051602257,9610.710734174827
SST,M22_2026,AI,1993,6553.955386074203,4536.1367184160645,9469.364322345626
SST,M22_2026,AI,1994,6661.27770259976,5102.002834114689,8697.09838937249
SST,M22_2026,AI,1995,7298.1140617488345,5140.656534271227,10361.02460905743
SST,M22_2026,AI,1996,7995.833717832978,5611.775148791817,11392.715343735617
SST,M22_2026,AI,1997,8760.25728048357,6616.556823222393,11598.495965593553
SST,M22_2026,AI,1998,9466.16502415207,6631.0672732337525,13513.402378857327
SST,M22_2026,AI,1999,10228.955314373334,7170.227137941119,14592.498230605663
SST,M22_2026,AI,2000,11053.211787084669,8369.891374251427,14596.783320987151
SST,M22_2026,AI,2001,12335.852464065938,8879.963380754316,17136.698597767776
SST,M22_2026,AI,2002,13767.333780124532,10380.151195659588,18259.799480821923
SST,M22_2026,AI,2003,14991.096816377647,10816.400486588813,20777.058323298315
SST,M22_2026,AI,2004,16323.638792171074,12460.27845454582,21384.849816101872
SST,M22_2026,AI,2005,16916.61481413946,12473.990238157081,22941.484745962243
SST,M22_2026,AI,2006,17531.131410921233,14204.550628100886,21636.76814520107
SST,M22_2026,AI,2007,17466.15013704541,12419.819427399523,24562.869242430406
SST,M22_2026,AI,2008,17401.40972417593,11913.793954163883,25416.677638848418
SST,M22_2026,AI,2009,17336.90927953217,12155.194383695765,24727.570278093848
SST,M22_2026,AI,2010,17272.64791364267,13414.08743995964,22241.122796017957
SST,M22_2026,AI,2011,16315.91296172452,12001.58874635252,22181.147963054096
SST,M22_2026,AI,2012,15412.171724076365,12127.603835863754,19586.312388435737
SST,M22_2026,AI,2013,15838.412289704129,11479.390974539718,21852.66661053934
SST,M22_2026,AI,2014,16276.441007127685,12060.651195645916,21965.85636720419
SST,M22_2026,AI,2015,16070.396928397557,11595.581926827539,22272.073886929702
SST,M22_2026,AI,2016,15866.961169407641,12331.346132364803,20416.299570954412
SST,M22_2026,AI,2017,14940.912757129536,10817.811100311543,20635.49381165727
SST,M22_2026,AI,2018,14068.91159767614,10516.80911306309,18820.75365401175
SST,M22_2026,AI,2019,13889.037146184806,9543.873366568998,20212.48034616897
SST,M22_2026,AI,2020,13711.462433239294,9241.355695312095,20343.79026807746
SST,M22_2026,AI,2021,13536.158056123819,9447.210036507067,19394.8874019224
SST,M22_2026,AI,2022,13363.094988043453,10421.493711640633,17135.00123883487
SST,M22_2026,AI,2023,13732.087988889698,10172.784550335373,18536.737861846486
SST,M22_2026,AI,2024,14111.269934347578,11351.734080502545,17541.63176725916
SST,M22_2026,AI,2025,14284.301222367678,10539.914552763496,19358.91039627418
SST,M22_2026,AI,2026,14459.454206505337,11126.59199070674,18790.642824384253
SST,M22_2026,AI,2027,14459.454206505337,9438.706966432384,22150.89595360653
SST,M22_2026,EBS Slope,1991,11958.974795725162,4804.508619320146,29767.26435450272
SST,M22_2026,EBS Slope,1992,11958.974580340238,5124.0053923829155,27911.18706194686
SST,M22_2026,EBS Slope,1993,11958.97436495532,5493.84703745169,26032.226031541766
SST,M22_2026,EBS Slope,1994,11958.974149570384,5931.121024410899,24112.990128084206
SST,M22_2026,EBS Slope,1995,11958.973934185473,6464.06527336434,22124.940190167934
SST,M22_2026,EBS Slope,1996,11958.973718800566,7145.513671990007,20014.943497705568
SST,M22_2026,EBS Slope,1997,11958.973503415642,8098.522080771442,17659.64775165174
SST,M22_2026,EBS Slope,1998,9603.655496296067,6655.109798574007,13858.554055907516
SST,M22_2026,EBS Slope,1999,7712.217011367684,5769.015393592057,10309.955368899638
SST,M22_2026,EBS Slope,2000,9949.836253973532,7114.061880075996,13915.993865353963
SST,M22_2026,EBS Slope,2001,12836.677356843378,9703.277147011486,16981.920960017742
SST,M22_2026,EBS Slope,2002,16044.696298200015,13258.172343894608,19416.875314644774
SST,M22_2026,EBS Slope,2003,17120.926262375484,13373.854062430215,21917.849164000334
SST,M22_2026,EBS Slope,2004,18833.263184679497,16136.815199376371,21980.28531659157
SST,M22_2026,EBS Slope,2005,19707.451235489894,15493.849718792044,25066.95503365783
SST,M22_2026,EBS Slope,2006,20970.293084962872,15187.643805250378,28954.66852581956
SST,M22_2026,EBS Slope,2007,22314.057095182296,16706.02914492153,29804.63757890769
SST,M22_2026,EBS Slope,2008,25269.270978926266,20703.1184615087,30842.506021185807
SST,M22_2026,EBS Slope,2009,26406.248156188405,20637.136393496505,33788.115191502264
SST,M22_2026,EBS Slope,2010,29834.227136624453,24785.294837935733,35911.661114370276
SST,M22_2026,EBS Slope,2011,34108.671527905135,27046.988480301374,43014.08544044912
SST,M22_2026,EBS Slope,2012,31947.759193194168,26825.562797545394,38048.011337891316
SST,M22_2026,EBS Slope,2013,35438.600401266354,28674.710884786757,43797.979461649775
SST,M22_2026,EBS Slope,2014,38312.25629546935,28158.120691736945,52128.08761347728
SST,M22_2026,EBS Slope,2015,41418.93206361727,32433.082660222142,52894.38414667158
SST,M22_2026,EBS Slope,2016,38186.58801252262,31641.973337313677,46084.84712672901
SST,M22_2026,EBS Slope,2017,39200.99371873281,30566.246929488745,50274.9949014376
SST,M22_2026,EBS Slope,2018,37928.69504788697,27203.10428280888,52883.152344665534
SST,M22_2026,EBS Slope,2019,36697.68981769854,27356.272805673827,49228.944583294935
SST,M22_2026,EBS Slope,2020,34537.69184318081,24173.814281606254,49344.80524913083
SST,M22_2026,EBS Slope,2021,32504.829698550406,23571.829451388534,44823.163001017136
SST,M22_2026,EBS Slope,2022,27416.61151579943,18511.179192585074,40606.304935417545
SST,M22_2026,EBS Slope,2023,23124.88925428169,15455.66118047319,34599.65230723443
SST,M22_2026,EBS Slope,2024,23319.006285383886,15171.23918448668,35842.56022367707
SST,M22_2026,EBS Slope,2025,23514.752791176736,15662.529739733407,35303.59450347424
SST,M22_2026,EBS Slope,2026,23712.14244994361,17192.378326840626,32704.358226494605
SST,M22_2026,EBS Slope,2027,23712.14244994361,14887.568625083759,37767.46315842788
SST,M22_2026,SBS,1991,538.3436347005589,266.5672084044613,1087.2075029681653
SST,M22_2026,SBS,1992,599.7550807439152,307.65839264472237,1169.1738807643112
SST,M22_2026,SBS,1993,668.1720256211778,357.59312614763735,1248.4967500141017
SST,M22_2026,SBS,1994,744.3936202573601,419.222164859675,1321.7856981997563
SST,M22_2026,SBS,1995,792.9626284450878,442.9047501103556,1419.6951600854836
SST,M22_2026,SBS,1996,844.7005898480836,475.1564541827313,1501.6508356536012
SST,M22_2026,SBS,1997,899.8142672736451,517.9397241420388,1563.2431301352851
SST,M22_2026,SBS,1998,919.6164010766693,530.1880609186991,1595.083683445839
SST,M22_2026,SBS,1999,939.85431870466,553.4263090165714,1596.1043520996598
SST,M22_2026,SBS,2000,960.5376104141034,590.5693057279502,1562.2764205172775
SST,M22_2026,SBS,2001,968.9689742103418,595.9672880057764,1575.423503736235
SST,M22_2026,SBS,2002,977.4743464521576,618.7686452654805,1544.1249411759345
SST,M22_2026,SBS,2003,979.4205238061874,602.5432236127194,1592.0261399692502
SST,M22_2026,SBS,2004,981.3705760509575,603.6208508106727,1595.518455409791
SST,M22_2026,SBS,2005,987.3535589147817,591.2861188122015,1648.7230450463405
SST,M22_2026,SBS,2006,993.3730173820338,593.3338443253072,1663.1276996928882
SST,M22_2026,SBS,2007,1002.3435098343048,576.3599478643349,1743.1685102855902
SST,M22_2026,SBS,2008,1011.3950088505021,570.6991902000373,1792.3976089210166
SST,M22_2026,SBS,2009,1020.5282459471454,574.9338880639185,1811.4741927687003
SST,M22_2026,SBS,2010,1029.7439592465912,589.1981885697613,1799.6875112240716
SST,M22_2026,SBS,2011,1037.4946924403994,590.7879562111647,1821.9654370497428
SST,M22_2026,SBS,2012,1045.3037642770355,603.2164701015201,1811.3894659206628
SST,M22_2026,SBS,2013,1110.9211625538305,637.4996648081482,1935.9160444129227
SST,M22_2026,SBS,2014,1180.657595989361,684.4257164637761,2036.6744343995633
SST,M22_2026,SBS,2015,1179.4685857216982,679.2758407812613,2047.9841342573468
SST,M22_2026,SBS,2016,1178.2807728760665,687.7539996104271,2018.665948167278
SST,M22_2026,SBS,2017,1135.0060591383713,646.7893677676359,1991.7438635812973
SST,M22_2026,SBS,2018,1093.320695657582,619.5790668027887,1929.2939474561974
SST,M22_2026,SBS,2019,1022.4281808010536,562.5536291171466,1858.2395184912505
SST,M22_2026,SBS,2020,956.1324404157696,517.9226075446435,1765.1078178444154
SST,M22_2026,SBS,2021,894.1354129139571,482.9920814042642,1655.261374684215
SST,M22_2026,SBS,2022,836.1583634576426,456.1550150784335,1532.7263444860866
SST,M22_2026,SBS,2023,760.1284347208756,406.5921428909212,1421.068378653389
SST,M22_2026,SBS,2024,691.0117299813122,365.92400193362243,1304.9081460865268
SST,M22_2026,SBS,2025,659.4964749110992,333.9175895052746,1302.5237785902737
SST,M22_2026,SBS,2026,629.4185489903747,307.8951091668856,1286.696988741115
SST,M22_2026,SBS,2027,629.4185489903747,285.57588357602737,1387.2589829794888
non-SST,M22_2026,AI,1982,501.8202210226832,2.7141559254008922,92781.528087801
non-SST,M22_2026,AI,1983,501.81875003985857,3.6398600659663756,69184.543726328
non-SST,M22_2026,AI,1984,501.8172790613463,4.973068903379485,50636.85753346522
non-SST,M22_2026,AI,1985,501.81580808714585,6.950615995508283,36229.75365189057
non-SST,M22_2026,AI,1986,501.81433711725685,9.995577401563184,25192.90470373937
non-SST,M22_2026,AI,1987,501.81286615168017,14.921538523108476,16876.017995422193
non-SST,M22_2026,AI,1988,501.8113951904153,23.463420136924334,10732.22381364048
non-SST,M22_2026,AI,1989,501.80992423346174,39.95654625015695,6302.176331324023
non-SST,M22_2026,AI,1990,501.8084532808205,78.83891344067963,3194.0029713062804
non-SST,M22_2026,AI,1991,501.8069823324906,256.96431126990353,979.9424919095111
non-SST,M22_2026,AI,1992,407.7412747923844,89.34402604159607,1860.8177237492746
non-SST,M22_2026,AI,1993,331.30855692072004,69.06603480294658,1589.2813334667803
non-SST,M22_2026,AI,1994,269.2034549231758,103.73257894788243,698.6281540246401
non-SST,M22_2026,AI,1995,356.1351299678866,71.84188289103231,1765.4357833245958
non-SST,M22_2026,AI,1996,471.13894148735375,93.0207154933904,2386.263113635117
non-SST,M22_2026,AI,1997,623.2799954495913,216.58956637831753,1793.6134192590196
non-SST,M22_2026,AI,1998,771.9781118253577,156.70726964907405,3802.95187627223
non-SST,M22_2026,AI,1999,956.1516645621948,210.35984977199203,4346.009975934005
non-SST,M22_2026,AI,2000,1184.2641541783498,646.3488719117418,2169.8523008535085
non-SST,M22_2026,AI,2001,846.6192947085223,232.78758650060692,3079.0483330643046
non-SST,M22_2026,AI,2002,605.2401633907857,346.53409582227454,1057.0840208727275
non-SST,M22_2026,AI,2003,874.1813496762976,236.6592559304716,3229.0857550333317
non-SST,M22_2026,AI,2004,1262.627760591057,617.7285496982092,2580.7919394271917
non-SST,M22_2026,AI,2005,1997.9879315690398,476.65936813228325,8374.860627070851
non-SST,M22_2026,AI,2006,3161.6252226442643,928.3727509891243,10767.091168725497
non-SST,M22_2026,AI,2007,2098.749359974354,359.4393541382069,12254.498082308204
non-SST,M22_2026,AI,2008,1393.191338570102,217.09387279141745,8940.750288846879
non-SST,M22_2026,AI,2009,924.8279679715882,188.5668467789619,4535.8279302673345
non-SST,M22_2026,AI,2010,613.9190983058354,345.1841315112523,1091.8713372325576
non-SST,M22_2026,AI,2011,425.1895867654491,117.32159324177972,1540.9455301310477
non-SST,M22_2026,AI,2012,294.4788412555811,168.58362286008648,514.3903451357186
non-SST,M22_2026,AI,2013,856.5106546096121,215.24040916029654,3408.330732699184
non-SST,M22_2026,AI,2014,2491.216341153278,805.0519735875846,7709.016389056686
non-SST,M22_2026,AI,2015,2084.9154144646213,518.7655970866344,8379.260902966646
non-SST,M22_2026,AI,2016,1744.879484637552,961.477154603958,3166.590491859486
non-SST,M22_2026,AI,2017,1296.1359925399554,355.2955375377227,4728.369297290058
non-SST,M22_2026,AI,2018,962.7991651850385,533.2509077579522,1738.360345936389
non-SST,M22_2026,AI,2019,1070.9324875681375,221.78785806835282,5171.141481403445
non-SST,M22_2026,AI,2020,1191.2104147997054,196.6867454887532,7214.427432825796
non-SST,M22_2026,AI,2021,1324.9969244555232,260.68655919092214,6734.589060768621
non-SST,M22_2026,AI,2022,1473.8091843427944,647.1556121319576,3356.4006417211917
non-SST,M22_2026,AI,2023,1512.8913112850857,402.0091225346651,5693.502936776119
non-SST,M22_2026,AI,2024,1553.0098089207886,881.2860068397447,2736.7272915780673
non-SST,M22_2026,AI,2025,2462.627577542114,642.6464950246462,9436.812668585953
non-SST,M22_2026,AI,2026,3905.0201427158295,1549.1610708472506,9843.509885435244
non-SST,M22_2026,AI,2027,3905.0201427158295,551.3530941876969,27657.743242527424
non-SST,M22_2026,EBS Shelf,1982,1284.3316597104667,296.75334032196713,5558.514725883062
non-SST,M22_2026,EBS Shelf,1983,285.39688357313344,60.47266356526332,1346.9124121736875
non-SST,M22_2026,EBS Shelf,1984,63.41927378136792,22.804849618462114,176.36618325691592
non-SST,M22_2026,EBS Shelf,1985,45.28848577796759,15.505899997608065,132.2752593772413
non-SST,M22_2026,EBS Shelf,1986,37.43704898342553,12.03909836478873,116.41508310012031
non-SST,M22_2026,EBS Shelf,1987,56.13703381110648,16.76116523611134,188.01595955392193
non-SST,M22_2026,EBS Shelf,1988,98.55480063018426,18.24274462611566,532.4335195346932
non-SST,M22_2026,EBS Shelf,1989,173.0239036130493,32.89530509308148,910.0773237027722
non-SST,M22_2026,EBS Shelf,1990,303.76268867747973,101.92504277222748,905.2904813468831
non-SST,M22_2026,EBS Shelf,1991,389.56297528672576,129.48229708213373,1172.046798165633
non-SST,M22_2026,EBS Shelf,1992,189.6357310735358,64.33257441030663,558.9969129858576
non-SST,M22_2026,EBS Shelf,1993,103.56772938232073,34.10989426779281,314.4622637994386
non-SST,M22_2026,EBS Shelf,1994,69.19570384594887,22.973599001701718,208.41512165253684
non-SST,M22_2026,EBS Shelf,1995,71.53437158839094,27.242629702519213,187.83672407633955
non-SST,M22_2026,EBS Shelf,1996,69.06226783635964,22.839010487608594,208.83552907376793
non-SST,M22_2026,EBS Shelf,1997,142.862963329114,47.90573927606719,426.0413595448289
non-SST,M22_2026,EBS Shelf,1998,337.5718383445664,130.00005137745882,876.5746231319498
non-SST,M22_2026,EBS Shelf,1999,320.89957538098923,111.52352188299824,923.3615988897312
non-SST,M22_2026,EBS Shelf,2000,217.57493755830046,38.81966324595214,1219.455541218136
non-SST,M22_2026,EBS Shelf,2001,147.519214998322,22.13524098685227,983.1344870673483
non-SST,M22_2026,EBS Shelf,2002,100.02033799453534,17.706606446782335,564.9907023465267
non-SST,M22_2026,EBS Shelf,2003,67.81535552948064,22.980269526859715,200.12482622166652
non-SST,M22_2026,EBS Shelf,2004,70.9847708338028,15.75707327975021,319.7825891184393
non-SST,M22_2026,EBS Shelf,2005,74.30231178448996,22.809256210811608,242.04355834727633
non-SST,M22_2026,EBS Shelf,2006,173.94836292176055,55.759481185494714,542.6526990540193
non-SST,M22_2026,EBS Shelf,2007,148.06456454990987,28.579497770209116,767.092390902922
non-SST,M22_2026,EBS Shelf,2008,126.03231733324878,25.539176427057182,621.9521235446124
non-SST,M22_2026,EBS Shelf,2009,107.27850421654702,43.339964964677584,265.5442263582668
non-SST,M22_2026,EBS Shelf,2010,68.01499273375899,23.5369223726164,196.5439305673782
non-SST,M22_2026,EBS Shelf,2011,54.31263008229855,17.917780684941118,164.63321202138573
non-SST,M22_2026,EBS Shelf,2012,42.994695847351316,14.074585126475244,131.33913748754222
non-SST,M22_2026,EBS Shelf,2013,41.61482398107744,13.61219865362514,127.22364836446575
non-SST,M22_2026,EBS Shelf,2014,43.35708525466343,14.146826368620957,132.88046327830918
non-SST,M22_2026,EBS Shelf,2015,74.5526209049356,24.48178535718462,227.02973670847564
non-SST,M22_2026,EBS Shelf,2016,62.20505973756526,20.306455968487505,190.5536575638252
non-SST,M22_2026,EBS Shelf,2017,184.8752366879944,69.88275944415267,489.0884878087311
non-SST,M22_2026,EBS Shelf,2018,643.3896488870045,223.78761606456305,1849.7459670669073
non-SST,M22_2026,EBS Shelf,2019,399.3489481104391,70.98199634559613,2246.761017828271
non-SST,M22_2026,EBS Shelf,2020,247.87402569002623,36.45721810726535,1685.3050178158126
non-SST,M22_2026,EBS Shelf,2021,153.85424927872404,25.82103101727309,916.7383752137886
non-SST,M22_2026,EBS Shelf,2022,95.49661347220464,27.849524964448143,327.45991884247456
non-SST,M22_2026,EBS Shelf,2023,143.56510794098676,48.22991508699934,427.3476364395047
non-SST,M22_2026,EBS Shelf,2024,178.99941541287876,72.98912664261809,438.9803275087257
non-SST,M22_2026,EBS Shelf,2025,197.1444367108492,64.5952175864718,601.6843100498778
non-SST,M22_2026,EBS Shelf,2026,137.40037403435744,37.50725349042569,503.3389818745447
non-SST,M22_2026,EBS Shelf,2027,137.40037403435744,15.854063541480755,1190.7901551792354
non-SST,M22_2026,EBS Slope,1982,37.128263184677394,0.015932588768499897,86521.27705926241
non-SST,M22_2026,EBS Slope,1983,37.12807941533084,0.019352120253919008,71232.2093385066
non-SST,M22_2026,EBS Slope,1984,37.12789564689384,0.02362659244582401,58344.45395913555
non-SST,M22_2026,EBS Slope,1985,37.127711879366444,0.029006183613715028,47523.21117989015
non-SST,M22_2026,EBS Slope,1986,37.127528112748614,0.03582706882471229,38475.19177488862
non-SST,M22_2026,EBS Slope,1987,37.127344347040335,0.0445462361245657,30944.02172181608
non-SST,M22_2026,EBS Slope,1988,37.127160582241636,0.055792936049817464,24706.10350508819
non-SST,M22_2026,EBS Slope,1989,37.126976818352496,0.07044615637928818,19566.8930501899
non-SST,M22_2026,EBS Slope,1990,37.12679305537289,0.08975379185906233,15357.55463948468
non-SST,M22_2026,EBS Slope,1991,37.12660929330286,0.11552043464850531,11931.959240039065
non-SST,M22_2026,EBS Slope,1992,37.126425532142356,0.1504116431844046,9163.994512737478
non-SST,M22_2026,EBS Slope,1993,37.12624177189141,0.1984631526184135,6945.157375158268
non-SST,M22_2026,EBS Slope,1994,37.12605801254999,0.2659662624118363,5182.40235077984
non-SST,M22_2026,EBS Slope,1995,37.125874254118095,0.3630796347306901,3796.221014034426
non-SST,M22_2026,EBS Slope,1996,37.12569049659574,0.5069336631734529,2718.929506911466
non-SST,M22_2026,EBS Slope,1997,37.12550673998291,0.7280506561407406,1893.1419662563633
non-SST,M22_2026,EBS Slope,1998,37.12532298427958,1.0849201852214962,1270.4064552045245
non-SST,M22_2026,EBS Slope,1999,37.12513922948578,1.7016350150983761,809.9715571079871
non-SST,M22_2026,EBS Slope,2000,37.124955475601475,2.8857421534756384,477.61104276256555
non-SST,M22_2026,EBS Slope,2001,37.12477172262669,5.644527090834534,244.17433972371455
non-SST,M22_2026,EBS Slope,2002,37.12458797056141,17.44495343922209,79.00479853876934
non-SST,M22_2026,EBS Slope,2003,34.55165560186285,9.207685664656728,129.65439398220892
non-SST,M22_2026,EBS Slope,2004,32.15704119804369,17.157812123308442,60.26848243710016
non-SST,M22_2026,EBS Slope,2005,31.95728175831538,6.571864971017546,155.40000622110014
non-SST,M22_2026,EBS Slope,2006,31.75876322360423,5.248407222190958,192.17621628679697
non-SST,M22_2026,EBS Slope,2007,31.561477885412188,6.268315692927514,158.91460084489418
non-SST,M22_2026,EBS Slope,2008,31.365418083126286,14.296009700646291,68.81566759742968
non-SST,M22_2026,EBS Slope,2009,54.696114304019886,13.479079300187683,221.94875876401682
non-SST,M22_2026,EBS Slope,2010,95.38099929131315,33.81238037202472,269.0592891039544
non-SST,M22_2026,EBS Slope,2011,71.80393983960401,17.49849407414002,294.64282781390483
non-SST,M22_2026,EBS Slope,2012,54.05485175032175,23.410913429816134,124.81046527761269
non-SST,M22_2026,EBS Slope,2013,47.086921167313236,9.21605806994411,240.5777099264976
non-SST,M22_2026,EBS Slope,2014,41.017190376506285,6.737814837831861,249.69666677927532
non-SST,M22_2026,EBS Slope,2015,35.729877101212,7.334948620438877,174.04677029507653
non-SST,M22_2026,EBS Slope,2016,31.124123957523313,16.621262184542406,58.281439843008286
non-SST,M22_2026,EBS Slope,2017,31.124123957523313,4.96261693901031,195.201665578578
non-SST,M22_2026,EBS Slope,2018,31.124123957523313,2.5051028696242907,386.69513490620096
non-SST,M22_2026,EBS Slope,2019,31.124123957523313,1.4682864082933498,659.7562210286001
non-SST,M22_2026,EBS Slope,2020,31.124123957523313,0.9326790012813342,1038.6328959829057
non-SST,M22_2026,EBS Slope,2021,31.124123957523313,0.6242797784142041,1551.7258857623062
non-SST,M22_2026,EBS Slope,2022,31.124123957523313,0.43384591837837766,2232.8459277526663
non-SST,M22_2026,EBS Slope,2023,31.124123957523313,0.3102655064563452,3122.200412115664
non-SST,M22_2026,EBS Slope,2024,31.124123957523313,0.22700146763778636,4267.422154595914
non-SST,M22_2026,EBS Slope,2025,31.124123957523313,0.169215880530036,5724.7055600749545
non-SST,M22_2026,EBS Slope,2026,31.124123957523313,0.1281350702609142,7560.077737896
non-SST,M22_2026,EBS Slope,2027,31.124123957523313,0.09833807363467767,9850.824368616404
non-SST,M22_2026,SBS,1982,66.96544852221497,0.32274656796912915,13894.404281350424
non-SST,M22_2026,SBS,1983,66.96514768519735,0.4299300739140535,10430.372929428393
non-SST,M22_2026,SBS,1984,66.96484684953123,0.582704101515622,7695.656683928369
non-SST,M22_2026,SBS,1985,66.96454601521651,0.8064226594090899,5560.670165580294
non-SST,M22_2026,SBS,1986,66.96424518225334,1.1452814569732344,3915.3782727608905
non-SST,M22_2026,SBS,1987,66.96394435064163,1.6815215775667363,2666.733453093532
non-SST,M22_2026,SBS,1988,66.96364352038131,2.5824686019862497,1736.3733096603137
non-SST,M22_2026,SBS,1989,66.96334269147252,4.236312321112027,1058.488828141575
non-SST,M22_2026,SBS,1990,66.96304186391518,7.7639188843107245,577.5496939734643
non-SST,M22_2026,SBS,1991,66.96274103770922,18.426717497633245,243.3427813640297
non-SST,M22_2026,SBS,1992,76.48275036462091,14.094914329226775,415.0157260060353
non-SST,M22_2026,SBS,1993,87.35620753700607,17.750049335363475,429.920325913968
non-SST,M22_2026,SBS,1994,99.77553054601503,43.14837538517436,230.71915006930567
non-SST,M22_2026,SBS,1995,108.29352937887481,23.080152358052207,508.12006452122637
non-SST,M22_2026,SBS,1996,117.53872358438299,25.24073825775495,547.3434017961566
non-SST,M22_2026,SBS,1997,127.57319501067978,57.58427841345428,282.62783755627265
non-SST,M22_2026,SBS,1998,99.57194148068625,21.679674787203275,457.32104505946853
non-SST,M22_2026,SBS,1999,77.71672983030024,17.338420956295366,348.35295040652886
non-SST,M22_2026,SBS,2000,60.658555067819215,31.932727613759276,115.22536838757985
non-SST,M22_2026,SBS,2001,84.04630959479947,22.741897265073025,310.60654589067343
non-SST,M22_2026,SBS,2002,116.45154007719498,61.50449025869049,220.4873356288715
non-SST,M22_2026,SBS,2003,459.2440820649199,113.22719187916277,1862.6720614667456
non-SST,M22_2026,SBS,2004,1811.0977903069659,564.374556218151,5811.8764744364335
non-SST,M22_2026,SBS,2005,1162.8028201073525,246.29664384457226,5489.763795981214
non-SST,M22_2026,SBS,2006,746.5695147363864,208.5105110607762,2673.0836613376464
non-SST,M22_2026,SBS,2007,485.75528178095556,80.85844037501086,2918.1640492167835
non-SST,M22_2026,SBS,2008,316.056561539902,47.72648421751606,2093.004580793418
non-SST,M22_2026,SBS,2009,205.64212853473543,39.72165612648138,1064.6254248222017
non-SST,M22_2026,SBS,2010,133.801003283261,61.500002564416846,291.1009387496434
non-SST,M22_2026,SBS,2011,138.7778695507564,35.132187447358504,548.1952157378353
non-SST,M22_2026,SBS,2012,143.9398554902776,58.11931473118752,356.48531119800197
non-SST,M22_2026,SBS,2013,179.21884477708466,44.940650733773595,714.7069256630622
non-SST,M22_2026,SBS,2014,223.14455029727515,97.2748701815128,511.88441819001747
non-SST,M22_2026,SBS,2015,241.94604171954805,61.01577238775951,959.3894301910154
non-SST,M22_2026,SBS,2016,262.331690492878,108.97322343988867,631.5121611026968
non-SST,M22_2026,SBS,2017,499.8105182719783,117.9402099424617,2118.111832234113
non-SST,M22_2026,SBS,2018,952.269829489341,302.7387892708414,2995.380375074387
non-SST,M22_2026,SBS,2019,738.1827095016059,129.86391079530145,4196.036522156293
non-SST,M22_2026,SBS,2020,572.2261650349085,89.26919772945574,3668.0377137803443
non-SST,M22_2026,SBS,2021,443.57959043992787,88.18774938816338,2231.181251590754
non-SST,M22_2026,SBS,2022,343.8550438231896,170.37301042834667,693.984868057338
non-SST,M22_2026,SBS,2023,567.9788297433178,146.2121822518276,2206.382163703438
non-SST,M22_2026,SBS,2024,938.1858920832627,380.0916307415202,2315.738356003527
non-SST,M22_2026,SBS,2025,151.4635730220888,36.28163865972871,632.3092010196751
non-SST,M22_2026,SBS,2026,24.45273814731553,7.85875541048249,76.0853814210347
non-SST,M22_2026,SBS,2027,24.45273814731553,3.099679038166455,192.90268300000363
