year,SST,non-SST,total,p_SST,SST_M,nonSST_M,weighted_M
1991,18841.788654101958,995.4593079502284,19837.247962052188,0.9498186789894192,0.03,0.09,0.03301087926063485
1992,19007.091840292927,710.9861817626833,19718.07802205561,0.9639424196938763,0.03,0.09,0.032163454818367423
1993,19181.101776650692,559.3587356119382,19740.46051226263,0.9716643522442413,0.03,0.09,0.03170013886534552
1994,19364.6454724275,475.3007473276897,19839.946219755187,0.9760432441669414,0.03,0.09,0.03143740534998351
1995,20050.05062437939,573.0889051892705,20623.13952956866,0.9722113646000602,0.03,0.09,0.03166731812399639
1996,20799.50802648163,694.8656234046921,21494.37364988632,0.9676722087964463,0.03,0.09,0.03193966747221322
1997,21619.045051172867,930.841660529368,22549.886711702235,0.9587207832824141,0.03,0.09,0.03247675300305516
1998,19989.436921524793,1246.2472146348903,21235.684136159685,0.9413135359028623,0.03,0.09,0.03352118784582826
1999,18881.026644445676,1391.8931090029698,20272.919753448645,0.9313422473955093,0.03,0.09,0.034119465156269436
2000,21963.5856514723,1499.6226022800702,23463.208253752367,0.9360862084135386,0.03,0.09,0.03383482749518768
2001,26141.49879511965,1115.3095910242705,27256.80838614392,0.9590814311336892,0.03,0.09,0.03245511413197865
2002,30789.504424776707,858.8366294330773,31648.341054209784,0.9728631390832779,0.03,0.09,0.03162821165500332
2003,33091.44360255934,1435.7924428725603,34527.2360454319,0.9584156565274062,0.03,0.09,0.03249506060835563
2004,36138.2725529015,3176.8673629298705,39315.13991583137,0.9191948096908434,0.03,0.09,0.034848311418549396
2005,37611.41960854411,3267.0503452191992,40878.469953763306,0.9200789474529139,0.03,0.09,0.03479526315282517
2006,39494.79751326612,4113.901863526017,43608.69937679214,0.9056632753941897,0.03,0.09,0.035660203476348615
2007,40782.550742062034,2764.1306841906326,43546.68142625267,0.9365248833284402,0.03,0.09,0.033808507000293586
2008,43682.07571195266,1866.64563552638,45548.72134747904,0.959018703921758,0.03,0.09,0.03245887776469451
2009,44763.68568166774,1292.4447150268902,46056.13039669463,0.9719376182085926,0.03,0.09,0.03168374290748444
2010,48136.619009513684,911.1160936141683,49047.73510312785,0.9814238905894747,0.03,0.09,0.03111456656463152
2011,51462.07918207001,690.0840262381078,52152.16320830812,0.9867678733961284,0.03,0.09,0.030793927596232295
2012,48405.23468154757,535.4682443435318,48940.7029258911,0.9890588362583519,0.03,0.09,0.030656469824498885
2013,52387.93385352432,1124.431244535087,53512.36509805941,0.9789874500505704,0.03,0.09,0.03126075299696577
2014,55769.35489858644,2798.7351670817225,58568.09006566816,0.9522139929107521,0.03,0.09,0.03286716042535487
2015,58668.79757773654,2437.1439541903173,61105.94153192686,0.9601160886635394,0.03,0.09,0.032393034680187636
2016,55231.82995480635,2100.540358825518,57332.37031363187,0.9633620527577232,0.03,0.09,0.032198276834536604
2017,55276.912535000694,2011.9458714574512,57288.858406458145,0.9648806778940695,0.03,0.09,0.03210715932635583
2018,53090.92734122065,2589.582767518908,55680.51010873956,0.9534921148807427,0.03,0.09,0.03279047310715544
2019,51609.155144684366,2239.5882691377064,53848.74341382207,0.9584096465923689,0.03,0.09,0.032495421204457864
2020,49205.2867168359,2042.4347294821625,51247.721446318064,0.960145843135258,0.03,0.09,0.032391249411884517
2021,46935.12316758821,1953.554888131699,48888.67805571991,0.9600407504186311,0.03,0.09,0.032397554974882135
2022,41615.86486730055,1944.2849655957125,43560.14983289626,0.955365512445336,0.03,0.09,0.032678069253279846
2023,37617.10567789224,2255.5593729269144,39872.66505081916,0.9434309352020457,0.03,0.09,0.03339414388787726
2024,38121.28794971278,2701.319240374453,40822.607190087234,0.9338278609252962,0.03,0.09,0.03397032834448223
2025,38458.55048845552,2842.3597112325747,41300.91019968809,0.9311792476851022,0.03,0.09,0.03412924513889387
2026,38801.0152054393,4097.997378855029,42899.01258429432,0.9044733868686913,0.03,0.09,0.035731596787878524
2027,38801.0152054393,4097.997378855029,42899.01258429432,0.9044733868686913,0.03,0.09,0.035731596787878524
