species_group,year,M22_2026
SST,1991,18841.788654101958
SST,1992,19007.091840292927
SST,1993,19181.101776650692
SST,1994,19364.6454724275
SST,1995,20050.05062437939
SST,1996,20799.50802648163
SST,1997,21619.045051172867
SST,1998,19989.436921524793
SST,1999,18881.026644445676
SST,2000,21963.5856514723
SST,2001,26141.49879511965
SST,2002,30789.504424776707
SST,2003,33091.44360255934
SST,2004,36138.2725529015
SST,2005,37611.41960854411
SST,2006,39494.79751326612
SST,2007,40782.550742062034
SST,2008,43682.07571195266
SST,2009,44763.68568166774
SST,2010,48136.619009513684
SST,2011,51462.07918207001
SST,2012,48405.23468154757
SST,2013,52387.93385352432
SST,2014,55769.35489858644
SST,2015,58668.79757773654
SST,2016,55231.82995480635
SST,2017,55276.912535000694
SST,2018,53090.92734122065
SST,2019,51609.155144684366
SST,2020,49205.2867168359
SST,2021,46935.12316758821
SST,2022,41615.86486730055
SST,2023,37617.10567789224
SST,2024,38121.28794971278
SST,2025,38458.55048845552
SST,2026,38801.0152054393
SST,2027,38801.0152054393
non-SST,1982,1890.2455924400422
non-SST,1983,891.30886071352
non-SST,1984,669.3292953391394
non-SST,1985,651.1965517596964
non-SST,1986,643.3431593956844
non-SST,1987,662.0411886604688
non-SST,1988,704.4569999232227
non-SST,1989,778.9241473563362
non-SST,1990,909.6609768775885
non-SST,1991,995.4593079502284
non-SST,1992,710.9861817626833
non-SST,1993,559.3587356119382
non-SST,1994,475.3007473276897
non-SST,1995,573.0889051892705
non-SST,1996,694.8656234046921
non-SST,1997,930.841660529368
non-SST,1998,1246.2472146348903
non-SST,1999,1391.8931090029698
non-SST,2000,1499.6226022800702
non-SST,2001,1115.3095910242705
non-SST,2002,858.8366294330773
non-SST,2003,1435.7924428725603
non-SST,2004,3176.8673629298705
non-SST,2005,3267.0503452191992
non-SST,2006,4113.901863526017
non-SST,2007,2764.1306841906326
non-SST,2008,1866.64563552638
non-SST,2009,1292.4447150268902
non-SST,2010,911.1160936141683
non-SST,2011,690.0840262381078
non-SST,2012,535.4682443435318
non-SST,2013,1124.431244535087
non-SST,2014,2798.7351670817225
non-SST,2015,2437.1439541903173
non-SST,2016,2100.540358825518
non-SST,2017,2011.9458714574512
non-SST,2018,2589.582767518908
non-SST,2019,2239.5882691377064
non-SST,2020,2042.4347294821625
non-SST,2021,1953.554888131699
non-SST,2022,1944.2849655957125
non-SST,2023,2255.5593729269144
non-SST,2024,2701.319240374453
non-SST,2025,2842.3597112325747
non-SST,2026,4097.997378855029
non-SST,2027,4097.997378855029
Total,1982,1890.2455924400422
Total,1983,891.30886071352
Total,1984,669.3292953391394
Total,1985,651.1965517596964
Total,1986,643.3431593956844
Total,1987,662.0411886604688
Total,1988,704.4569999232227
Total,1989,778.9241473563362
Total,1990,909.6609768775885
Total,1991,19837.247962052188
Total,1992,19718.07802205561
Total,1993,19740.46051226263
Total,1994,19839.946219755187
Total,1995,20623.13952956866
Total,1996,21494.37364988632
Total,1997,22549.886711702235
Total,1998,21235.684136159685
Total,1999,20272.919753448645
Total,2000,23463.208253752367
Total,2001,27256.80838614392
Total,2002,31648.341054209784
Total,2003,34527.2360454319
Total,2004,39315.13991583137
Total,2005,40878.469953763306
Total,2006,43608.69937679214
Total,2007,43546.68142625267
Total,2008,45548.72134747904
Total,2009,46056.13039669463
Total,2010,49047.73510312785
Total,2011,52152.16320830812
Total,2012,48940.7029258911
Total,2013,53512.36509805941
Total,2014,58568.09006566816
Total,2015,61105.94153192686
Total,2016,57332.37031363187
Total,2017,57288.858406458145
Total,2018,55680.51010873956
Total,2019,53848.74341382207
Total,2020,51247.721446318064
Total,2021,48888.67805571991
Total,2022,43560.14983289626
Total,2023,39872.66505081916
Total,2024,40822.607190087234
Total,2025,41300.91019968809
Total,2026,42899.01258429432
Total,2027,42899.01258429432
